ano_trimestre,mes_central,O,DO,TD,FT,O_hombre,DO_hombre,TD_hombre,O_mujer,DO_mujer,TD_mujer,Porcentaje_mujer,O_chileno,DO_chileno,TD_chileno,O_extranjero,DO_extranjero,TD_extranjero,Porcentaje_extranjero,O_formal,O_informal,Porcentaje_informal,O_empleador,O_cuenta_propia,O_sector_privado,O_sector_publico,O_domestico_afuera,O_domestico_adentro,O_familiar_no_remunerado,Porcentaje_sector_publico,delta_O,delta_relativo_O,delta_DO,delta_relativo_DO,delta_TD,delta_FT,delta_relativo_FT,delta_O_hombre,delta_relativo_O_hombre,delta_DO_hombre,delta_TD_hombre,delta_O_mujer,delta_relativo_O_mujer,delta_DO_mujer,delta_TD_mujer,delta_pp_Porcentaje_mujer,delta_O_chileno,delta_relativo_O_chileno,delta_DO_chileno,delta_TD_chileno,delta_O_extranjero,delta_relativo_O_extranjero,delta_DO_extranjero,delta_TD_extranjero,delta_pp_Porcentaje_extranjero,delta_O_formal,delta_relativo_O_formal,delta_O_informal,delta_relativo_O_informal,delta_pp_Porcentaje_informal,delta_O_empleador,delta_O_cuenta_propia,delta_O_sector_privado,delta_relativo_O_sector_privado,delta_O_sector_publico,delta_relativo_O_sector_publico,delta_O_domestico_afuera,delta_O_domestico_adentro,delta_O_familiar_no_remunerado,delta_pp_Porcentaje_sector_publico
2010,2,7156212,727475,0.09227598,7883686,4382553,382409,0.080254324,2773659,345066,0.11064335,0.38758758,7039885,719353,0.09270918,116326,8122,0.06526627,0.016255293,0,0,0.0,318318,1289676,4362350,779409,255839,69543,81077,0.10891366,,,,,,,,,,,,,,,,,,,,,,,,,,,,,,,,,,,,,,,,
2010,3,7198777,697741,0.08836054,7896518,4403560,359716,0.0755187,2795217,338024,0.10788322,0.38829055,7076901,690227,0.08886516,121876,7514,0.05806884,0.016930163,0,0,0.0,324944,1332334,4343125,771673,261424,69885,95393,0.10719501,,,,,,,,,,,,,,,,,,,,,,,,,,,,,,,,,,,,,,,,
2010,4,7181903,717914,0.09087731,7899817,4398206,368605,0.07732734,2783697,349309,0.111493334,0.38759875,7069884,711358,0.091419645,112019,6556,0.05528749,0.0155973565,0,0,0.0,326947,1346539,4282834,797813,259637,68923,99210,0.1110866,,,,,,,,,,,,,,,,,,,,,,,,,,,,,,,,,,,,,,,,
2010,5,7221575,684341,0.08656064,7905917,4416487,357766,0.07493655,2805088,326575,0.104281686,0.3884316,7106464,677226,0.08700583,115112,7115,0.058209907,0.015939958,0,0,0.0,328026,1384279,4256206,817792,263181,64416,107676,0.11324283,,,,,,,,,,,,,,,,,,,,,,,,,,,,,,,,,,,,,,,,
2010,6,7256516,675072,0.08511179,7931587,4412861,358493,0.07513445,2843655,316579,0.100175686,0.3918761,7137314,667724,0.085550435,119202,7347,0.058057602,0.016426863,0,0,0.0,333824,1390032,4263817,818115,274543,64897,111288,0.112742186,,,,,,,,,,,,,,,,,,,,,,,,,,,,,,,,,,,,,,,,
2010,7,7289221,671596,0.08436275,7960818,4418308,361367,0.075604916,2870913,310230,0.09752142,0.39385736,7172523,664552,0.084795974,116698,7044,0.05692494,0.016009692,0,0,0.0,333771,1430971,4262490,817709,275601,63892,104788,0.11218059,,,,,,,,,,,,,,,,,,,,,,,,,,,,,,,,,,,,,,,,
2010,8,7389466,653452,0.08124568,8042919,4476459,353085,0.07310939,2913007,300367,0.09347415,0.39421076,7267291,648254,0.081896365,122175,5198,0.040809933,0.01653368,0,0,0.0,339057,1477552,4319841,810370,276161,61856,104629,0.10966553,,,,,,,,,,,,,,,,,,,,,,,,,,,,,,,,,,,,,,,,
2010,9,7414430,628533,0.07814697,8042963,4490712,336280,0.06966655,2923718,292253,0.09087559,0.3943281,7295244,622410,0.0786104,119186,6123,0.048865616,0.016074887,0,0,0.0,343685,1485610,4350221,800574,265488,65559,103292,0.107975155,,,,,,,,,,,,,,,,,,,,,,,,,,,,,,,,,,,,,,,,
2010,10,7503092,584320,0.0722505,8087412,4529957,304262,0.06293913,2973135,280058,0.08608714,0.39625457,7384984,578671,0.07266404,118109,5648,0.045640327,0.015741311,0,0,0.0,347122,1486072,4428776,788084,274735,67223,111080,0.105034605,,,,,,,,,,,,,,,,,,,,,,,,,,,,,,,,,,,,,,,,
2010,11,7572318,588398,0.07210129,8160716,4560347,302195,0.0621475,3011971,286203,0.08677628,0.3977608,7451130,581676,0.07241253,121188,6722,0.05255522,0.016004093,0,0,0.0,340323,1486322,4524141,770517,273504,68693,108819,0.10175445,,,,,,,,,,,,,,,,,,,,,,,,,,,,,,,,,,,,,,,,
2010,12,7615516,612294,0.07441762,8227810,4598005,311531,0.06345428,3017512,300763,0.09063837,0.39623207,7503991,606237,0.07474967,111525,6057,0.051514287,0.014644461,0,0,0.0,364609,1457539,4590280,762501,272665,68693,99230,0.100124605,,,,,,,,,,,,,,,,,,,,,,,,,,,,,,,,,,,,,,,,
2011,1,7621030,612827,0.074427694,8233857,4622266,315299,0.063857235,2998764,297528,0.09026135,0.39348534,7512397,604911,0.07452109,108633,7916,0.067922935,0.014254311,0,0,0.0,364724,1425478,4632565,764556,267527,75052,91128,0.10032186,,,,,,,,,,,,,,,,,,,,,,,,,,,,,,,,,,,,,,,,
2011,2,7623922,622445,0.07548117,8246367,4612403,317271,0.06435947,3011519,305174,0.09201159,0.39500913,7510179,614661,0.07565203,113743,7785,0.06405726,0.014919168,0,0,0.0,364988,1413643,4640712,754821,280026,76511,93221,0.099006884,467710,0.0653572,-105030,-0.1443761,-0.016794808,362681,0.04600399,229850,0.0524466,-65138,-0.015894853,237860,0.08575676,-39892,-0.018631756,0.007421553,470294,0.066804215,-104692,-0.01705715,-2583,-0.022204839,-337,-0.0012090057,-0.0013361247,0,,0,,0.0,46670,123967,278362,0.0638101,-24588,-0.03154698,24187,6968,12144,-0.009906776
2011,3,7655096,594918,0.072111115,8250014,4618987,298017,0.060609553,3036109,296900,0.08907874,0.3966128,7542154,587885,0.07231018,112942,7033,0.05862174,0.014753816,0,0,0.0,347662,1469068,4621613,761104,281170,74335,100144,0.09942452,456319,0.06338841,-102823,-0.14736557,-0.016249426,353496,0.04476606,215427,0.0489211,-61699,-0.0149091445,240892,0.08618007,-41124,-0.018804483,0.008322239,465253,0.06574248,-102342,-0.016554981,-8934,-0.07330401,-481,0.00055290014,-0.0021763472,0,,0,,0.0,22718,136734,278488,0.064121574,-10569,-0.013696216,19746,4450,4751,-0.0077704936
2011,4,7665522,604074,0.07304764,8269597,4597254,292829,0.05988219,3068268,311246,0.09209775,0.40026864,7547163,599063,0.07353868,118359,5012,0.04062326,0.015440482,0,0,0.0,354444,1503337,4581470,769833,286175,73455,96808,0.10042802,483619,0.067338556,-113840,-0.15857053,-0.017829672,369780,0.04680868,199048,0.045256633,-75776,-0.01744515,284571,0.10222772,-38063,-0.019395582,0.012669891,477279,0.06750874,-112295,-0.017880961,6340,0.056597542,-1544,-0.014664233,-0.00015687477,0,,0,,0.0,27497,156798,298636,0.0697286,-27980,-0.035070874,26538,4532,-2402,-0.010658577
2011,5,7698543,598396,0.07212255,8296940,4614243,296332,0.06034571,3084301,302064,0.089200184,0.4006343,7575436,593109,0.07260887,123107,5288,0.041182492,0.015990991,0,0,0.0,361285,1541204,4553715,783482,289006,74742,95109,0.10177012,476968,0.06604764,-85945,-0.12558797,-0.014438085,391023,0.04945954,197756,0.044776764,-61434,-0.014590837,279213,0.09953805,-24511,-0.0150815025,0.01220268,468972,0.06599231,-84117,-0.014396958,7995,0.069454096,-1827,-0.017027415,5.103275e-05,0,,0,,0.0,33259,156925,297509,0.06990005,-34310,-0.04195443,25825,10326,-12567,-0.0114727095
2011,6,7659427,625815,0.07553369,8285241,4587375,321196,0.065435834,3072051,304618,0.09021268,0.40108112,7532089,620996,0.07616704,127337,4818,0.036460638,0.016624903,0,0,0.0,357266,1520924,4558310,779076,287916,70132,85802,0.10171466,402911,0.05552403,-49257,-0.07296555,-0.009578101,353654,0.04458805,174514,0.03954668,-37297,-0.0096986145,228396,0.08031776,-11961,-0.009963006,0.0092050135,394775,0.055311423,-46728,-0.009383395,8135,0.0682455,-2529,-0.021596964,0.00019804016,0,,0,,0.0,23442,130892,294493,0.069067925,-39039,-0.04771823,13373,5235,-25486,-0.011027522
2011,7,7684190,624358,0.0751465,8308548,4605833,331080,0.067062184,3078357,293278,0.086983934,0.4006092,7559326,620253,0.07582945,124863,4105,0.031831328,0.0162494,0,0,0.0,349268,1525793,4561969,795337,291453,68807,91563,0.10350305,394969,0.05418535,-47238,-0.07033693,-0.009216256,347730,0.043680184,187525,0.042442717,-30287,-0.008542731,207444,0.07225715,-16952,-0.010537483,0.0067518353,386803,0.053928442,-44299,-0.008966528,8165,0.06996692,-2939,-0.025093611,0.00023970753,0,,0,,0.0,15497,94822,299479,0.07025917,-22372,-0.027359366,15852,4915,-13225,-0.008677542
2011,8,7688406,634756,0.076263815,8323162,4604094,330865,0.067045115,3084312,303891,0.08969097,0.40116408,7570453,625862,0.07635897,117953,8894,0.07011529,0.015341733,0,0,0.0,347192,1534365,4549421,800834,296532,62815,97246,0.10416128,298940,0.040454887,-18696,-0.02861113,-0.004981868,280243,0.034843445,127635,0.02851249,-22220,-0.0060642734,171305,0.05880693,3524,-0.0037831813,0.006953329,303162,0.041715957,-22392,-0.005537398,-4222,-0.03455699,3696,0.029305357,-0.0011919476,0,,0,,0.0,8135,56813,229580,0.053145476,-9536,-0.011767465,20371,959,-7383,-0.0055042505
2011,9,7703136,618883,0.074366905,8322019,4600214,314374,0.06396755,3102922,304509,0.08936606,0.4028128,7582994,607006,0.074115515,120142,11877,0.08996293,0.015596501,0,0,0.0,336403,1525039,4566936,804934,301721,67349,100754,0.10449429,288706,0.038938396,-9650,-0.015353211,-0.003780067,279056,0.03469567,109502,0.024384107,-21906,-0.0056990013,179204,0.06129319,12256,-0.0015095249,0.008484721,287750,0.039443508,-15404,-0.004494883,956,0.008021076,5754,0.041097313,-0.00047838595,0,,0,,0.0,-7282,39429,216715,0.04981701,4360,0.005446092,36233,1790,-2538,-0.0034808666
2011,10,7716851,610558,0.07331913,8327410,4611196,300459,0.061172634,3105655,310100,0.09078509,0.40245113,7593058,595950,0.07277443,123793,14608,0.105548315,0.016041903,0,0,0.0,331011,1502500,4584535,824489,301703,65165,107448,0.106842615,213759,0.028489456,26238,0.044903476,0.0010686293,239998,0.0296755,81239,0.017933724,-3803,-0.0017664954,132520,0.04457248,30042,0.004697956,0.0061965585,208074,0.028175281,17279,0.00011039525,5684,0.048125036,8960,0.059907988,0.0003005918,0,,0,,0.0,-16111,16428,155759,0.03516976,36405,0.046194315,26968,-2058,-3632,0.00180801
2011,11,7786902,569453,0.068146095,8356355,4641743,280781,0.05704008,3145159,288672,0.08406699,0.40390375,7667674,560996,0.068175755,119228,8457,0.066234715,0.015311299,0,0,0.0,316376,1442714,4706065,839780,310382,65831,105754,0.10784515,214584,0.028337954,-18945,-0.032197595,-0.003955193,195639,0.023973264,81396,0.017848643,-21414,-0.0051074214,133188,0.04421955,2469,-0.0027092919,0.006142944,216544,0.0290619,-20680,-0.0042367727,-1960,-0.01617322,1735,0.013679497,-0.0006927941,0,,0,,0.0,-23947,-43608,181924,0.040211834,69263,0.08989159,36878,-2862,-3065,0.0060907006
2011,12,7816553,575161,0.068539165,8391714,4676679,293352,0.059024118,3139874,281809,0.08235985,0.4016955,7699005,562462,0.06808258,117549,12699,0.09749928,0.015038444,0,0,0.0,319419,1408186,4774254,845631,304436,62333,102294,0.108184576,201037,0.026398342,-37133,-0.060645703,-0.005878456,163904,0.019920733,78674,0.017110465,-18179,-0.00443016,122362,0.040550627,-18954,-0.008278519,0.0054634213,195014,0.025988037,-43775,-0.0066670924,6024,0.054014795,6642,0.045984995,0.00039398298,0,,0,,0.0,-45190,-49353,183974,0.040079035,83130,0.10902281,31771,-6360,3064,0.008059971
2012,1,7874074,549952,0.06528374,8424025,4719320,277711,0.055575244,3154754,272241,0.079440035,0.40065086,7749194,537863,0.06490403,124879,12088,0.08825748,0.015859568,0,0,0.0,319962,1411227,4841326,844048,292550,64479,100482,0.10719332,253044,0.033203386,-62875,-0.10259829,-0.009143956,190168,0.02309586,97054,0.02099706,-37588,-0.008281991,155990,0.0520181,-25287,-0.010821313,0.0071655214,236797,0.031520832,-67048,-0.00961706,16246,0.1495494,4172,0.020334542,0.0016052574,0,,0,,0.0,-44762,-14251,208761,0.045063805,79492,0.10397146,25023,-10573,9354,0.006871462
2012,2,7844776,572122,0.067973025,8416898,4719553,269187,0.05395885,3125223,302935,0.08836681,0.3983827,7715946,559441,0.067602955,128829,12681,0.0896143,0.016422318,0,0,0.0,322749,1432221,4807358,837449,279831,66468,98699,0.10675247,220854,0.028968554,-50323,-0.0808473,-0.007508144,170531,0.020679532,107150,0.023230841,-48084,-0.010400619,113704,0.03775636,-2239,-0.0036447868,0.0033735633,205767,0.027398415,-55220,-0.008049078,15086,0.13263234,4896,0.025557041,0.00150315,0,,0,,0.0,-42239,18578,166646,0.035909574,82628,0.109467015,-195,-10043,5478,0.0077455863
2012,3,7850458,569498,0.067636736,8419957,4708208,269523,0.054145742,3142250,299975,0.0871458,0.40026325,7726489,564308,0.06806441,123969,5190,0.040184665,0.015791355,0,0,0.0,322739,1457551,4791656,840372,281207,63927,93004,0.10704754,195362,0.025520517,-25420,-0.042728577,-0.004474379,169943,0.020599116,89221,0.01931614,-28494,-0.006463811,106141,0.034959547,3075,-0.0019329414,0.0036504567,184335,0.024440631,-23577,-0.004245773,11027,0.09763418,-1843,-0.018437076,0.001037539,0,,0,,0.0,-24923,-11517,170043,0.036792997,79268,0.10414871,37,-10408,-7140,0.0076230243
2012,4,7838273,584710,0.06941839,8422983,4695277,282615,0.05677395,3142997,302095,0.08768863,0.40098074,7712228,579823,0.069925115,126045,4887,0.037327632,0.016080765,0,0,0.0,324924,1459861,4754294,856677,286647,66873,88997,0.10929409,172751,0.022536105,-19364,-0.032055676,-0.0036292449,153386,0.018548183,98023,0.021322075,-10214,-0.0031082407,74729,0.024355434,-9151,-0.0044091195,0.0007120967,165065,0.021871133,-19240,-0.0036135688,7686,0.06493803,-125,-0.0032956265,0.00064028334,0,,0,,0.0,-29520,-43476,172824,0.03772239,86844,0.11280888,472,-6582,-7811,0.008866064
2012,5,7819530,568840,0.06781292,8388370,4662022,298675,0.060208235,3157508,270165,0.0788188,0.40379772,7693815,564631,0.06837013,125715,4209,0.03239425,0.016077083,0,0,0.0,319575,1454681,4740750,858982,291149,67867,86525,0.10985091,120987,0.015715571,-29556,-0.04939204,-0.004309632,91430,0.011019725,47779,0.010354678,2343,-0.00013747439,73207,0.023735361,-31899,-0.010381386,0.003163427,118379,0.015626691,-28478,-0.0042387396,2608,0.021184823,-1079,-0.008788243,8.609146e-05,0,,0,,0.0,-41710,-86523,187035,0.041073058,75500,0.09636469,2143,-6875,-8584,0.008080795
2012,6,7809455,557666,0.06664967,8367120,4652376,285660,0.057848834,3157078,272006,0.07932327,0.40426362,7676160,552903,0.06718902,133295,4763,0.03450104,0.017068386,0,0,0.0,317551,1452463,4724696,862451,298501,66126,87666,0.1104368,150028,0.019587366,-68149,-0.1088964,-0.00888402,81879,0.0098825125,65001,0.014169541,-35536,-0.0075870007,85027,0.027677601,-32612,-0.010889411,0.0031825006,144071,0.019127628,-68093,-0.008978017,5958,0.04678923,-55,-0.0019595996,0.00044348277,0,,0,,0.0,-39715,-68461,166386,0.036501687,83375,0.1070178,10585,-4006,1864,0.008722134
2012,7,7809889,546368,0.06538428,8356257,4656712,279659,0.05665279,3153176,266709,0.07798762,0.40374154,7674581,541415,0.065897636,135308,4953,0.035314333,0.017325174,0,0,0.0,303781,1486552,4721035,847348,297632,65447,88095,0.10849678,125699,0.016358133,-77990,-0.12491231,-0.009762213,47709,0.0057421587,50879,0.011046644,-51421,-0.010409392,74819,0.024304848,-26569,-0.008996315,0.0031323433,115255,0.015246729,-78838,-0.00993181,10445,0.083651684,848,0.0034830049,0.0010757744,0,,0,,0.0,-45487,-39241,159066,0.034867838,52011,0.06539492,6179,-3360,-3468,0.0049937293
2012,8,7874075,554273,0.06576295,8428348,4692171,274419,0.05525298,3181904,279854,0.08084162,0.40409884,7740106,547602,0.066073984,133969,6671,0.047434628,0.017013922,0,0,0.0,315945,1513466,4742546,856012,294612,63239,88255,0.10871265,185669,0.024149219,-80483,-0.12679361,-0.010500863,105186,0.012637746,88077,0.019130148,-56446,-0.0117921345,97592,0.031641416,-24037,-0.008849345,0.002934754,169653,0.022409888,-78260,-0.010284983,16016,0.1357829,-2223,-0.022680663,0.0016721897,0,,0,,0.0,-31247,-20899,193125,0.042450458,55178,0.068900675,-1920,424,-8991,0.0045513734
2012,9,7889402,566090,0.06694934,8455492,4691860,287295,0.057699576,3197542,278794,0.08019775,0.4052959,7757599,559592,0.06728133,131803,6498,0.04698374,0.016706372,0,0,0.0,331477,1516146,4745079,856017,283454,60787,96444,0.10850212,186266,0.02418054,-52793,-0.08530369,-0.007417567,133473,0.016038535,91646,0.019922117,-27079,-0.0062679723,94620,0.030493837,-25715,-0.009168312,0.0024830997,174605,0.023025865,-47414,-0.0068341866,11661,0.097060144,-5379,-0.04297919,0.0011098711,0,,0,,0.0,-4926,-8893,178143,0.039007116,51083,0.06346235,-18267,-6562,-4310,0.004007831
2012,10,7924594,538211,0.06359723,8462805,4712727,269385,0.054070417,3211866,268826,0.07723352,0.4053036,7804313,534397,0.06408634,120281,3814,0.0307314,0.015178166,0,0,0.0,340801,1486166,4799429,852568,289281,53825,102524,0.10758504,207743,0.026920697,-72347,-0.118493244,-0.009721898,135395,0.016258957,101531,0.022018366,-31074,-0.0071022175,106211,0.034199227,-41274,-0.0135515705,0.0028524697,211255,0.027822124,-61553,-0.008688092,-3512,-0.02836994,-10794,-0.07481691,-0.0008637365,0,,0,,0.0,9790,-16334,214894,0.046873674,28079,0.034056246,-12422,-11340,-4924,0.000742428
2012,11,7952257,527858,0.062246554,8480115,4732039,267458,0.053497046,3220218,260400,0.0748142,0.4049439,7840330,522766,0.06250866,111927,5092,0.043514736,0.014074833,0,0,0.0,342333,1443464,4867035,850740,294585,47633,106466,0.106981,165355,0.021235017,-41595,-0.07304378,-0.005899541,123760,0.0148102855,90296,0.019453038,-13323,-0.0035430342,75059,0.02386493,-28272,-0.009252787,0.0010401607,172656,0.022517389,-38230,-0.005667098,-7301,-0.061235614,-3365,-0.02271998,-0.0012364658,0,,0,,0.0,25957,750,160970,0.034204796,10960,0.013051037,-15797,-18198,712,-0.00086414814
2012,12,7998630,521387,0.0611955,8520016,4772271,257465,0.051188566,3226359,263922,0.07561618,0.40336388,7888305,516043,0.061401956,110325,5343,0.04619406,0.013792946,0,0,0.0,322364,1424416,4959480,846153,289214,53316,103687,0.10578718,182077,0.02329377,-53774,-0.09349382,-0.0073436648,128302,0.01528913,95592,0.020440146,-35887,-0.007835552,86485,0.027544098,-17887,-0.0067436695,0.0016683936,189300,0.024587592,-46419,-0.0066806227,-7224,-0.061455224,-7356,-0.05130522,-0.0012454977,0,,0,,0.0,2945,16230,185226,0.038796846,522,0.0006172905,-15222,-9017,1393,-0.0023973957
2013,1,7993297,542425,0.06354762,8535722,4769155,271969,0.05394999,3224142,270456,0.07739265,0.40335575,7884825,534579,0.06349366,108472,7846,0.06745308,0.013570331,0,0,0.0,319263,1400418,4989354,849092,280162,56429,98579,0.106225446,119223,0.015141209,-7527,-0.013686649,-0.0017361194,111697,0.013259338,49835,0.010559784,-5742,-0.0016252548,69388,0.021994742,-1785,-0.0020473823,0.0027048886,135631,0.017502595,-3284,-0.0014103651,-16407,-0.13138318,-4242,-0.020804398,-0.0022892375,0,,0,,0.0,-699,-10809,148028,0.03057592,5044,0.0059759635,-12388,-8050,-1903,-0.0009678751
2013,2,7990686,548754,0.06426109,8539440,4757971,275535,0.054740213,3232715,273218,0.07793031,0.40456036,7865871,540481,0.06429432,124815,8273,0.062162295,0.01562006,0,0,0.0,323007,1429595,4982164,829686,272089,56880,97264,0.10383169,145910,0.018599639,-23368,-0.040844437,-0.0037119389,122542,0.014559045,38418,0.0081401775,6348,0.000781361,107492,0.034394987,-29717,-0.010436498,0.006177664,149925,0.01943054,-18960,-0.0033086315,-4014,-0.031157581,-4408,-0.027452007,-0.00080225803,0,,0,,0.0,258,-2626,174806,0.036362175,-7763,-0.009269819,-7742,-9588,-1435,-0.0029207766
2013,3,8019067,561055,0.065390095,8580122,4765758,277888,0.05509658,3253309,283167,0.0800705,0.40569672,7767638,546021,0.06567752,251428,15034,0.05642236,0.031353783,0,0,0.0,325803,1448610,4966097,834022,275923,64791,103820,0.104004934,168609,0.0214776,-8443,-0.014825338,-0.0022466406,160165,0.019022068,57550,0.012223334,8365,0.00095083937,111059,0.03534378,-16808,-0.007075295,0.00543347,41149,0.005325705,-18287,-0.002386883,127459,1.0281522,9844,0.016237695,0.015562428,0,,0,,0.0,3064,-8941,174441,0.03640516,-6350,-0.0075561777,-5284,864,10816,-0.0030426085
2013,4,8018269,561204,0.06541236,8579473,4751819,285505,0.05667791,3266451,275699,0.0778337,0.40737602,7765255,546949,0.06580068,253015,14255,0.053335242,0.031554762,0,0,0.0,336581,1472361,4940489,824838,276702,66108,101189,0.102869876,179996,0.022963732,-23506,-0.040201124,-0.0040060356,156490,0.018578928,56542,0.012042314,2890,-9.6037984e-05,123454,0.03927907,-26396,-0.009854935,0.0063952804,53027,0.0068757045,-32874,-0.004124433,126970,1.0073386,9368,0.01600761,0.015473997,0,,0,,0.0,11657,12500,186195,0.039163545,-31839,-0.0371657,-9945,-765,12192,-0.006424211
2013,5,8004246,534576,0.06260541,8538822,4735198,281274,0.05607009,3269048,253302,0.07191289,0.40841419,7743092,523574,0.06333561,261154,11002,0.040425587,0.032626953,0,0,0.0,336582,1489451,4895295,835083,280599,70854,96381,0.10433006,184716,0.023622392,-34264,-0.060234863,-0.005207509,150452,0.017935785,73176,0.015696194,-17401,-0.0041381456,111540,0.035325326,-16863,-0.006905906,0.004616469,49277,0.006404755,-41057,-0.005034521,135439,1.0773495,6793,0.008031338,0.01654987,0,,0,,0.0,17007,34770,154545,0.032599274,-23899,-0.027822468,-10550,2987,9856,-0.0055208504
2013,6,7986815,499248,0.05883152,8486063,4725249,276272,0.055237547,3261566,222976,0.06399011,0.40836886,7729897,488127,0.059397124,256918,11121,0.041490205,0.032167774,0,0,0.0,337825,1497476,4870206,839891,273448,71171,96799,0.10515968,177360,0.022710932,-58418,-0.104754455,-0.007818148,118943,0.014215524,72873,0.015663609,-9388,-0.002611287,104488,0.033096425,-49030,-0.015333161,0.00410524,53737,0.0070005055,-64776,-0.007791899,123623,0.92743915,6358,0.006989166,0.015099388,0,,0,,0.0,20274,45013,145510,0.030797748,-22560,-0.026158009,-25053,5045,9133,-0.0052771196
2013,7,8008577,497518,0.058489624,8506095,4737459,267128,0.053376682,3271118,230390,0.06579738,0.4084518,7741451,486441,0.05912095,267126,11078,0.039818157,0.033354957,0,0,0.0,346226,1513900,4858902,853062,271210,65202,100075,0.10651849,198688,0.025440566,-48850,-0.08940861,-0.0068946593,149838,0.017931234,80747,0.017339917,-12531,-0.0032761097,117942,0.03740419,-36319,-0.012190238,0.004710257,66870,0.008713179,-54974,-0.0067766868,131818,0.974207,6125,0.004503824,0.016029783,0,,0,,0.0,42445,27348,137867,0.029202707,5714,0.0067433924,-26422,-245,11980,-0.0019782856
2013,8,8010843,498702,0.05860497,8509544,4739223,267537,0.05343508,3271620,231165,0.06599463,0.40839896,7745168,487239,0.059185524,265674,11462,0.041359454,0.033164334,0,0,0.0,342627,1524530,4840253,861367,267690,66141,108236,0.1075251,136768,0.017369404,-55571,-0.10025926,-0.0071579814,81196,0.009633679,47052,0.010027767,-6882,-0.0018179007,89716,0.028195696,-48689,-0.0148469955,0.0043001175,5062,0.0006539962,-60363,-0.0068884604,131705,0.9831006,4791,-0.0060751736,0.016150411,0,,0,,0.0,26682,11064,97707,0.020602224,5355,0.0062557533,-26922,2902,19981,-0.001187548
2013,9,8029597,508228,0.05952665,8537825,4740530,264440,0.05283554,3289068,243788,0.069005884,0.409618,7761926,497539,0.060238626,267671,10689,0.03840091,0.033335578,0,0,0.0,337021,1538029,4827391,893476,259723,68443,105515,0.11127282,140195,0.01777004,-57862,-0.10221343,-0.0074226893,82333,0.0097372215,48670,0.010373285,-22855,-0.004864037,91526,0.028623862,-35006,-0.011191867,0.004322082,4327,0.00055777567,-62053,-0.0070427023,135868,1.0308415,4191,-0.00858283,0.016629206,0,,0,,0.0,5544,21883,82312,0.017346814,37459,0.043759644,-23731,7656,9071,0.0027706996
2013,10,8067127,502601,0.058648366,8569728,4749541,267148,0.0532518,3317586,235453,0.06626803,0.41124755,7795804,493882,0.059577852,271323,8719,0.031134197,0.03363317,0,0,0.0,335430,1541355,4867932,889765,254832,72215,105599,0.11029508,142533,0.017986158,-35610,-0.066163644,-0.0049488656,106923,0.012634464,36814,0.007811613,-2237,-0.00081861764,105720,0.032915447,-33373,-0.010965496,0.005943954,-8509,-0.0010902946,-40515,-0.004508488,151042,1.2557428,4905,0.000402797,0.018455002,0,,0,,0.0,-5371,55189,68503,0.014273156,37197,0.043629363,-34449,18390,3075,0.002710037
2013,11,8149389,500090,0.057817318,8649479,4798085,262296,0.05183323,3351304,237794,0.066254474,0.4112338,7881957,492455,0.058804728,267432,7635,0.027755547,0.032816164,0,0,0.0,350296,1528187,4945015,893953,251424,74176,106339,0.10969567,197132,0.02478944,-27768,-0.052605055,-0.004429236,169364,0.0199719,66046,0.013957197,-5162,-0.0016638152,131086,0.040707182,-22606,-0.008559726,0.0062898993,41627,0.005309343,-30311,-0.0037039295,155505,1.389343,2543,-0.015759189,0.018741332,0,,0,,0.0,7963,84723,77980,0.016022075,43213,0.0507946,-43161,26543,-127,0.0027146712
2013,12,8170961,543008,0.062314667,8713969,4826009,284224,0.055618536,3344952,258784,0.07181003,0.40937072,7905760,534990,0.06338181,265201,8018,0.029346434,0.03245653,0,0,0.0,345279,1506747,5012165,870781,250651,72809,112529,0.10657019,172331,0.021545064,21621,0.041468237,0.0011191666,193953,0.022764394,53738,0.011260467,26759,0.00442997,118593,0.036757533,-5138,-0.0038061514,0.006006837,17455,0.0022127694,18947,0.0019798577,154876,1.403816,2675,-0.016847627,0.018663581,0,,0,,0.0,22915,82331,52685,0.01062309,24628,0.029105848,-38563,19493,8842,0.0007830113
2014,1,8202890,540769,0.06184695,8743658,4844715,288010,0.056112427,3358175,252759,0.06999822,0.4093892,7942155,532917,0.06288055,260735,7851,0.029232271,0.031785764,0,0,0.0,348454,1511790,5034115,872517,257658,66639,111717,0.10636698,209593,0.026221095,-1656,-0.0030529567,-0.0017006695,207936,0.024360681,75560,0.015843477,16041,0.002162438,134033,0.04157168,-17697,-0.007394433,0.0060334504,57330,0.0072709285,-1662,-0.0006131083,152263,1.4037079,5,-0.038220808,0.018215433,0,,0,,0.0,29191,111372,44761,0.008971302,23425,0.027588295,-22504,10210,13138,0.00014153123
2014,2,8156196,566673,0.06496404,8722869,4810638,305781,0.05976473,3345558,260891,0.07234023,0.41018614,7895080,557895,0.06599981,261116,8778,0.03252416,0.032014415,0,0,0.0,337047,1530535,4983568,866428,263567,62350,112701,0.10622941,165510,0.020712866,17919,0.032653976,0.0007029548,183429,0.021480214,52667,0.011069214,30246,0.005024519,112843,0.034906574,-12327,-0.005590081,0.0056257844,29209,0.003713384,17414,0.00170549,136301,1.0920242,505,-0.029638134,0.016394354,0,,0,,0.0,14040,100940,1404,0.00028180526,36742,0.044284225,-8522,5470,15437,0.002397716
2014,3,8181309,535578,0.061441466,8716888,4804186,298724,0.058539852,3377123,236855,0.06553854,0.4127852,7911120,525939,0.06233674,270189,9640,0.034448437,0.033025127,0,0,0.0,336579,1588596,4941973,884735,264791,60012,104625,0.10814097,162242,0.02023203,-25477,-0.045409095,-0.003948629,136766,0.015939867,38428,0.008063355,20836,0.003443271,123814,0.038057867,-46312,-0.014531963,0.0070884824,143482,0.018471766,-20082,-0.0033407845,18761,0.07461778,-5394,-0.021973923,0.001671344,0,,0,,0.0,10776,139986,-24124,-0.0048577385,50713,0.06080535,-11132,-4779,805,0.0041360334
2014,4,8155971,550626,0.063242435,8706597,4788463,301876,0.059303742,3367508,248750,0.06878663,0.41288874,7873219,540411,0.0642304,282752,10216,0.034869324,0.034668043,0,0,0.0,332185,1606108,4879625,895201,272286,64151,106415,0.10976017,137702,0.017173532,-10578,-0.01884876,-0.002169922,127124,0.014817227,36644,0.007711573,16371,0.0026258305,101057,0.030937858,-26949,-0.009047069,0.0055127144,107964,0.013903472,-6538,-0.0015702844,29737,0.117530584,-4039,-0.018465918,0.003113281,0,,0,,0.0,-4396,133747,-60864,-0.012319428,70363,0.08530524,-4416,-1957,5226,0.006890297
2014,5,8120437,566179,0.06517831,8686616,4769673,317269,0.062369317,3350764,248910,0.069147915,0.41263342,7830883,556447,0.066343784,289554,9732,0.032516878,0.035657443,0,0,0.0,329343,1604593,4837049,906357,274238,64877,103980,0.11161435,116191,0.01451617,31603,0.05911788,0.0025729015,147794,0.017308477,34475,0.0072805826,35995,0.0062992275,81716,0.02499688,-4392,-0.0027649775,0.004219234,87791,0.011337977,32873,0.003008172,28400,0.10874809,-1270,-0.007908709,0.0030304901,0,,0,,0.0,-7239,115142,-58246,-0.011898364,71274,0.0853496,-6361,-5977,7599,0.0072842836
2014,6,8084993,570772,0.06594122,8655764,4733354,323689,0.06400748,3351638,247083,0.068658575,0.41455057,7795124,560308,0.067059085,289869,10464,0.0348416,0.03585269,0,0,0.0,336384,1562218,4814882,916304,283697,69067,102440,0.11333398,98178,0.01229251,71524,0.14326347,0.0071097016,169701,0.019997612,8105,0.0017152536,47417,0.008769937,90072,0.027616182,24107,0.0046684667,0.006181717,65227,0.008438275,72181,0.007661961,32951,0.12825494,-657,-0.006648604,0.0036849156,0,,0,,0.0,-1441,64742,-55324,-0.011359684,76413,0.090979666,10249,-2104,5641,0.0081743
2014,7,8044549,589394,0.068264775,8633943,4714272,331779,0.06575026,3330276,257615,0.07180122,0.41397926,7757171,576362,0.06916176,287378,13032,0.043382127,0.035723332,0,0,0.0,335315,1545898,4796599,923212,279950,71302,92273,0.114762485,35972,0.0044916845,91876,0.18466869,0.009775151,127848,0.015030163,-23187,-0.004894396,64651,0.0123735815,59158,0.018084949,27225,0.0060038418,0.0055274665,15720,0.002030627,89921,0.0100408085,20252,0.07581441,1954,0.0035639703,0.0023683757,0,,0,,0.0,-10911,31998,-62303,-0.012822445,70150,0.082233176,8740,6100,-7802,0.008243993
2014,8,8088721,586492,0.067605495,8675214,4717766,323038,0.06408458,3370955,263454,0.0724889,0.41674757,7798295,571390,0.068269014,290427,15102,0.0494292,0.035905138,0,0,0.0,341029,1569199,4797350,927908,286440,68720,98076,0.11471627,77878,0.009721573,87790,0.176037,0.009000525,165670,0.019468728,-21457,-0.0045275353,55501,0.010649502,99335,0.030362634,32289,0.006494269,0.008348614,53127,0.0068593733,84151,0.009083491,24753,0.093170576,3640,0.008069746,0.002740804,0,,0,,0.0,-1598,44669,-42903,-0.008863793,66541,0.077250466,18750,2579,-10160,0.0071911663
2014,9,8137947,571671,0.0656367,8709617,4750666,313650,0.061933346,3387280,258021,0.07078167,0.41623282,7852279,554021,0.06590546,285668,17650,0.058188327,0.03510315,0,0,0.0,346038,1596400,4810746,935055,285239,66344,98124,0.11490067,108350,0.013493828,63443,0.124831766,0.0061100535,171792,0.020121284,10136,0.0021381576,49210,0.009097807,98212,0.029860131,14233,0.0017757863,0.006614834,90353,0.011640538,56482,0.0056668334,17997,0.06723552,6961,0.019787416,0.001767572,0,,0,,0.0,9017,58371,-16645,-0.0034480323,41579,0.046536226,25516,-2099,-7391,0.0036278516
2014,10,8207692,543900,0.06214868,8751592,4804973,296527,0.05812555,3402719,247372,0.067771554,0.41457686,7924208,526952,0.062352587,283484,16948,0.056412827,0.034538858,0,0,0.0,347965,1620031,4876413,922778,270938,63158,106409,0.11242839,140565,0.01742442,41299,0.082170546,0.0035003126,181864,0.021221677,55432,0.0116710225,29379,0.0048737526,85133,0.025661128,11919,0.0015035272,0.0033293068,128404,0.016470911,33070,0.002774734,12161,0.044821117,8229,0.02527863,0.00090568885,0,,0,,0.0,12535,78676,8481,0.0017422183,33013,0.037103057,16106,-9057,810,0.0021333098
2014,11,8249620,545809,0.06205597,8795429,4840413,293916,0.057245176,3409207,251893,0.068802625,0.41325626,7968535,528097,0.06215367,281086,17712,0.059277773,0.034072567,0,0,0.0,332006,1593982,4961619,939751,264584,56747,100932,0.113914475,100231,0.012299204,45719,0.091421545,0.004238654,145950,0.01687385,42328,0.0088218525,31620,0.0054119453,57903,0.017277753,14099,0.0025481507,0.0020224452,86578,0.010984328,35642,0.0033489428,13654,0.051055968,10077,0.031522226,0.0012564026,0,,0,,0.0,-18290,65795,16604,0.003357725,45798,0.05123088,13160,-17429,-5407,0.004218802
2014,12,8259158,548421,0.062266912,8807579,4876338,287440,0.055664677,3382820,260981,0.071623206,0.4095841,7971298,533419,0.06272037,287860,15002,0.04953326,0.03485347,0,0,0.0,341520,1549114,5022206,943636,246339,50473,105870,0.11425333,88197,0.010793957,5413,0.009968545,-4.7754496e-05,93610,0.010742522,50329,0.0104287,3216,4.6141446e-05,37868,0.011320939,2197,-0.00018682331,0.00021338463,65538,0.008289905,-1571,-0.0006614402,22659,0.08544085,6984,0.020186825,0.0023969412,0,,0,,0.0,-3759,42367,10041,0.0020033258,72855,0.08366627,-4312,-22336,-6659,0.0076831356
2015,1,8263091,547608,0.062152624,8810699,4878599,288776,0.05588445,3384492,258832,0.07104286,0.4095915,7971927,533579,0.06273339,291164,14029,0.045967054,0.035236675,0,0,0.0,340729,1525304,5042680,953516,249100,49322,102441,0.1153946,60201,0.007338999,6839,0.012646805,0.00030567497,67041,0.007667386,33884,0.006994013,766,-0.00022797659,26317,0.007836697,6073,0.0010446385,0.00020229816,29772,0.0037486048,662,-0.00014716387,30429,0.1167047,6178,0.016734783,0.0034509115,0,,0,,0.0,-7725,13514,8565,0.0017013914,80999,0.09283372,-8558,-17317,-9276,0.009027623
2015,2,8232200,546834,0.062288646,8779034,4887837,280029,0.05418654,3344363,266805,0.07388339,0.4062539,7943298,535296,0.063134976,288902,11538,0.038404614,0.035094183,0,0,0.0,354385,1512904,5018170,953859,245283,47115,100485,0.11586923,76004,0.009318559,-19839,-0.035009608,-0.0026753955,56165,0.006438822,77199,0.01604756,-25752,-0.00557819,-1195,-0.00035719003,5914,0.0015431643,-0.0039322376,48218,0.006107348,-22599,-0.0028648376,27786,0.10641248,2760,0.0058804527,0.0030797683,0,,0,,0.0,17338,-17631,34602,0.0069432184,87431,0.10090971,-18284,-15235,-12216,0.009639822
2015,3,8230255,558606,0.063558415,8788861,4870905,285930,0.055446744,3359350,272676,0.07507555,0.40817085,7937793,542812,0.06400629,292462,15794,0.05123673,0.035535015,0,0,0.0,349470,1557993,4984475,934462,262319,47985,93552,0.1135398,48946,0.005982661,23028,0.042996537,0.0021169484,71973,0.008256731,66719,0.01388768,-12794,-0.0030931085,-17773,-0.0052627637,35821,0.009537011,-0.004614353,26673,0.0033715833,16873,0.0016695522,22273,0.082434885,6154,0.016788293,0.0025098883,0,,0,,0.0,12891,-30603,42502,0.008600209,49727,0.05620553,-2472,-12027,-11073,0.0053988323
2015,4,8211794,594562,0.06751509,8806356,4856934,298324,0.057867914,3354860,296238,0.08113665,0.4085417,7930762,577753,0.06790289,281032,16809,0.056436423,0.03422293,0,0,0.0,350774,1575220,4950756,925913,270476,44933,93723,0.11275403,55823,0.0068444335,43936,0.07979282,0.0042726547,99759,0.011457863,68471,0.01429916,-3552,-0.0014358275,-12648,-0.003755893,47488,0.012350023,-0.0043470263,57543,0.0073087006,37342,0.0036724955,-1720,-0.0060830694,6593,0.021567099,-0.0004451126,0,,0,,0.0,18589,-30888,71131,0.014577145,30712,0.03430738,-1810,-19218,-12692,0.0029938594
2015,5,8215613,587165,0.06670224,8802779,4838627,305451,0.059379067,3376987,281715,0.07699851,0.41104496,7922229,570807,0.06720888,293385,16358,0.052810453,0.035710633,0,0,0.0,349074,1592531,4918398,940004,272864,51719,91024,0.114416756,95176,0.011720551,20986,0.037066016,0.0015239269,116163,0.013372641,68954,0.014456756,-11818,-0.0029902495,26223,0.007825976,32805,0.007850595,-0.0015884638,91346,0.01166484,14360,0.00086509436,3831,0.013230693,6626,0.020293575,5.3189695e-05,0,,0,,0.0,19731,-12062,81349,0.0168179,33647,0.03712334,-1374,-13158,-12956,0.0028024092
2015,6,8220826,589556,0.06691606,8810382,4839300,313427,0.060827464,3381526,276129,0.07549339,0.4113366,7920476,576495,0.06784713,300350,13061,0.041673414,0.036535237,0,0,0.0,357852,1577712,4919667,934786,279982,56864,93963,0.11370945,135833,0.016800633,18784,0.032909814,0.0009748414,154618,0.017863011,105946,0.02238286,-10262,-0.0031800196,29888,0.00891743,29046,0.0068348125,-0.0032139719,125352,0.016080821,16187,0.0007880479,10481,0.036157712,2597,0.0068318136,0.0006825477,0,,0,,0.0,21468,15494,104785,0.021762734,18482,0.020170162,-3715,-12203,-8477,0.000375472
2015,7,8250061,579058,0.065585025,8829119,4835352,322027,0.062440075,3414709,257031,0.07000248,0.4139011,7934736,565869,0.06656806,315325,13189,0.04014812,0.038220946,0,0,0.0,344463,1610436,4910566,950112,277306,60412,96766,0.11516425,205512,0.025546739,-10336,-0.017536657,-0.0026797503,195176,0.022605663,121080,0.02568371,-9752,-0.0033101887,84433,0.025353154,-584,-0.0017987415,-7.817149e-05,177565,0.022890432,-10493,-0.0025936961,27947,0.09724823,157,-0.0032340065,0.0024976134,0,,0,,0.0,9148,64538,113967,0.02375996,26900,0.029137403,-2644,-10890,4493,0.0004017651
2015,8,8302039,581327,0.06544,8883366,4868855,321451,0.06193289,3433184,259877,0.07036896,0.41353503,7968763,569682,0.06671959,333276,11646,0.033764005,0.04014383,0,0,0.0,334316,1649516,4943067,949935,272878,57846,94480,0.11442189,213318,0.026372278,-5165,-0.008806599,-0.0021654963,208152,0.023993876,151089,0.03202554,-1587,-0.0021516904,62229,0.018460346,-3577,-0.002119936,-0.0032125413,170468,0.02185965,-1708,-0.0015494227,42849,0.14753793,-3456,-0.015665196,0.004238691,0,,0,,0.0,-6713,80317,145717,0.030374477,22027,0.023738345,-13562,-10874,-3596,-0.0002943799
2015,9,8312069,572641,0.064452395,8884710,4863841,325386,0.062704064,3448229,247255,0.0669074,0.414846,7968124,554017,0.06500911,343945,18624,0.05136675,0.04137898,0,0,0.0,335156,1646046,4937978,960448,279778,57278,95385,0.115548655,174122,0.021396305,970,0.0016967801,-0.001184307,175093,0.02010341,113175,0.023822976,11736,0.00077071786,60949,0.017993493,-10766,-0.003874272,-0.0013868213,115845,0.014753042,-4,-0.00089634955,58277,0.20400254,974,-0.0068215765,0.006275829,0,,0,,0.0,-10882,49646,127232,0.026447458,25393,0.027156692,-5461,-9066,-2739,0.00064798445
2015,10,8359292,550142,0.061748225,8909433,4890005,313870,0.060314693,3469286,236272,0.0637614,0.41502157,8009615,530569,0.062126216,349676,19572,0.053005807,0.041830827,0,0,0.0,339262,1673732,4980013,946622,272412,50210,97041,0.11324189,151600,0.01847048,6242,0.011476374,-0.0004004538,157841,0.01803569,85032,0.017696666,17343,0.0021891408,66567,0.019562885,-11100,-0.004010156,0.00044471025,85407,0.010777986,3617,-0.00022637099,66192,0.23349465,2624,-0.0034070201,0.007291969,0,,0,,0.0,-8703,53701,103600,0.021245124,23844,0.025839368,1474,-12948,-9368,0.0008134991
2015,11,8428470,525644,0.05870419,8954114,4914743,302073,0.05790362,3513726,223572,0.059821695,0.41688782,8074802,503025,0.05864252,353668,22619,0.060110003,0.041961055,0,0,0.0,336074,1653194,5088771,921914,277053,52509,98955,0.10938096,178850,0.021679787,-20165,-0.036945157,-0.0033517815,158685,0.018041758,74330,0.015356128,8157,0.00065844506,104519,0.030657863,-28321,-0.00898093,0.003631562,106267,0.013335827,-25072,-0.0035111494,72582,0.2582199,4907,0.00083222985,0.0078884885,0,,0,,0.0,4068,59212,127152,0.02562712,-17837,-0.018980559,12469,-4238,-1977,-0.0045335144
2015,12,8452067,531603,0.059174363,8983670,4959315,286185,0.054558247,3492752,245418,0.06565182,0.4132423,8088267,513050,0.059647847,363800,18553,0.048522975,0.04304268,0,0,0.0,322246,1650279,5143240,915581,268181,57701,94840,0.1083263,192909,0.023356982,-16818,-0.030666221,-0.0030925497,176091,0.019993123,82977,0.017016253,-1255,-0.0011064298,109932,0.03249715,-15563,-0.005971387,0.0036582053,116969,0.01467377,-20369,-0.0030725263,75940,0.2638088,3551,-0.0010102838,0.008189209,0,,0,,0.0,-19274,101165,121034,0.024099767,-28055,-0.029730743,21842,7228,-11030,-0.0059270263
2016,1,8417125,541663,0.060461633,8958788,4968034,287144,0.054640155,3449091,254519,0.06872192,0.40977064,8047848,521822,0.060891706,369277,19841,0.050989967,0.04387215,0,0,0.0,306497,1608275,5188750,895407,270791,56813,90593,0.10637918,154034,0.018641207,-5945,-0.010856306,-0.0016909912,148089,0.01680786,89435,0.018332107,-1632,-0.0012442954,64599,0.019086763,-4313,-0.0023209378,0.00017914176,75921,0.009523544,-11757,-0.0018416829,78113,0.26827836,5812,0.005022913,0.008635476,0,,0,,0.0,-34232,82971,146070,0.02896674,-58109,-0.06094182,21691,7491,-11848,-0.009015419
2016,2,8360572,580308,0.064904995,8940879,4941940,305048,0.05813767,3418631,275260,0.07451763,0.40889922,7991148,556402,0.065094896,369424,23906,0.06077825,0.044186458,0,0,0.0,319169,1623584,5107510,891847,264998,53727,99738,0.10667294,128372,0.015593887,33474,0.06121419,0.0026163496,161845,0.0184354,54103,0.011068904,25019,0.0039511286,74268,0.02220692,8455,0.0006342381,0.0026453137,47850,0.006023946,21106,0.00195992,80522,0.27871734,12368,0.022373635,0.009092275,0,,0,,0.0,-35216,110680,89340,0.017803302,-62012,-0.0650117,19715,6612,-747,-0.009196289
2016,3,8376229,592397,0.06605216,8968626,4931879,319677,0.060872734,3444350,272721,0.073369764,0.41120535,7992480,568341,0.066388644,383749,24056,0.058988523,0.045814097,0,0,0.0,334695,1633083,5084427,894289,278019,51343,100373,0.10676508,145974,0.017736267,33791,0.06049165,0.0024937466,179765,0.02045373,60974,0.012518003,33747,0.0054259896,85000,0.025302514,45,-0.0017057881,0.0030345023,54687,0.0068894466,25529,0.002382353,91287,0.31213287,8262,0.0077517927,0.010279082,0,,0,,0.0,-14775,75090,99952,0.020052664,-40173,-0.042990513,15700,3358,6821,-0.0067747235
2016,4,8350311,631144,0.07027192,8981455,4877464,345046,0.066069,3472847,286098,0.07611128,0.41589436,7948577,605680,0.07080448,401734,25464,0.059607983,0.048110027,0,0,0.0,331423,1675454,4998405,912699,281734,51583,99013,0.10930115,138517,0.016868057,36582,0.061527647,0.0027568266,175099,0.019883253,20530,0.0042269463,46722,0.008201085,117987,0.03516898,-10140,-0.005025372,0.00735265,17815,0.0022463163,27927,0.002901584,120702,0.42949557,8655,0.0031715594,0.013887096,0,,0,,0.0,-19351,100234,47649,0.009624591,-13214,-0.014271319,11258,6650,5290,-0.0034528822
2016,5,8337421,629285,0.0701802,8966706,4863865,353019,0.06766862,3473556,276266,0.07367441,0.4166224,7922133,607454,0.07121731,415288,21831,0.04994286,0.049810182,0,0,0.0,325894,1688144,4960177,934654,283722,55033,89798,0.11210345,121808,0.014826404,42120,0.07173452,0.0034779608,163927,0.018622188,25238,0.0052159424,47568,0.0082895495,96569,0.028596202,-5449,-0.003324099,0.005577445,-96,-1.2117802e-05,36647,0.0040084347,121903,0.41550523,5473,-0.0028675944,0.0140995495,0,,0,,0.0,-23180,95613,41779,0.008494432,-5350,-0.005691465,10858,3314,-1226,-0.0023133084
2016,6,8336229,653278,0.07267117,8989507,4858057,364108,0.06972355,3478172,289170,0.07675704,0.4172356,7911223,629068,0.07365889,425006,24210,0.05389291,0.050982997,0,0,0.0,333755,1719803,4935627,926690,274717,58379,87258,0.111164205,115403,0.014037884,63722,0.10808473,0.005755104,179125,0.020331128,18757,0.0038759739,50681,0.008896083,96646,0.028580587,13041,0.0012636557,0.005899012,-9253,-0.0011682379,52573,0.0058117583,124656,0.41503578,11149,0.012219496,0.01444776,0,,0,,0.0,-24097,142091,15960,0.003244122,-8096,-0.008660805,-5265,1515,-6705,-0.002545245
2016,7,8333200,634021,0.070704326,8967221,4870466,350551,0.067142256,3462733,283470,0.07566871,0.41553468,7920488,610484,0.071560875,412712,23537,0.053954247,0.049526185,0,0,0.0,346737,1707948,4946574,914672,269434,59318,88516,0.10976243,83139,0.01007738,54963,0.09491795,0.0051193014,138102,0.015641652,35114,0.0072619324,28524,0.0047021806,48024,0.014063863,26439,0.005666226,0.0016335845,-14248,-0.001795649,44615,0.004992813,97387,0.3088464,10348,0.013806127,0.011305239,0,,0,,0.0,2274,97512,36008,0.0073327594,-35440,-0.037300866,-7872,-1094,-8250,-0.00540182
2016,8,8378381,633608,0.070307195,9011989,4891117,345206,0.06592522,3487264,288402,0.07638439,0.4162217,7949093,604051,0.07062324,429288,29557,0.06441603,0.05123758,0,0,0.0,354839,1725318,4957950,923608,263595,62255,90818,0.11023701,76342,0.009195573,52281,0.089933895,0.004867196,128623,0.014479084,22262,0.0045723277,23755,0.0039923266,54080,0.015752142,28525,0.0060154274,0.0026866794,-19670,-0.002468388,34369,0.0039036497,96012,0.28808555,17911,0.030652024,0.011093751,0,,0,,0.0,20523,75802,14883,0.0030108837,-26327,-0.027714528,-9283,4409,-3662,-0.0041848794
2016,9,8393722,600916,0.06680826,8994638,4891319,326011,0.062486254,3502403,274905,0.07277795,0.41726458,7961716,569991,0.066808514,432006,30925,0.066803545,0.051467724,0,0,0.0,347109,1740260,4962458,922703,270090,58513,92588,0.10992777,81653,0.009823427,28275,0.049376484,0.0023558661,109928,0.012372716,27478,0.0056494446,625,-0.00021781027,54174,0.015710674,27650,0.005870551,0.0024185777,-6408,-0.0008042044,15974,0.0017994046,88061,0.25603223,12301,0.015436795,0.0100887455,0,,0,,0.0,11953,94214,24480,0.004957495,-37745,-0.03929937,-9688,1235,-2797,-0.005620882
2016,10,8467097,579274,0.06403383,9046371,4927726,317541,0.06053849,3539370,261733,0.06885717,0.41801462,8001663,551323,0.06445966,465434,27951,0.05665198,0.054969717,0,0,0.0,343791,1742196,5009579,934249,274748,57282,105251,0.11033876,107805,0.012896427,29132,0.0529536,0.0022856034,136938,0.015370002,37721,0.007713898,3671,0.00022379681,70084,0.020201275,25461,0.0050957724,0.0029930472,-7952,-0.0009928067,20754,0.0023334436,115758,0.3310436,8379,0.0036461726,0.01313889,0,,0,,0.0,4529,68464,29566,0.0059369323,-12373,-0.013070687,2336,7072,8210,-0.0029031262
2016,11,8500710,561921,0.062004123,9062631,4932162,315840,0.060182873,3568548,246081,0.06450973,0.41979408,8018229,539098,0.06299845,482482,22822,0.045165148,0.0567578,0,0,0.0,342178,1728008,5064930,914205,287815,53249,110325,0.10754458,72240,0.0085709505,36277,0.06901439,0.003299933,108517,0.012119234,17419,0.0035442342,13767,0.0022792518,54822,0.015602241,22509,0.004688032,0.0029062629,-56573,-0.007006116,36073,0.00435593,128814,0.36422294,203,-0.014944855,0.014796745,0,,0,,0.0,6104,74814,-23841,-0.004685021,-7709,-0.008361951,10762,740,11370,-0.0018363819
2016,12,8534552,580576,0.0636937,9115128,4962960,328858,0.062144674,3571592,251718,0.06583769,0.41848624,8035534,556752,0.064796716,499018,23824,0.04556693,0.058470294,0,0,0.0,355665,1731954,5104388,890864,280129,53934,117617,0.10438327,82485,0.009759151,48973,0.092123255,0.0045193397,131458,0.014632995,3645,0.0007349805,42673,0.007586427,78840,0.022572458,6300,0.00018586963,0.0052439272,-52733,-0.0065196906,43702,0.005148869,135218,0.37168226,5271,-0.002956044,0.0154276155,0,,0,,0.0,33419,81675,-38852,-0.0075539933,-24717,-0.026995974,11948,-3767,22777,-0.0039430335
2017,1,8485700,616330,0.067713484,9102030,4949121,343154,0.06484061,3536579,273176,0.071704306,0.41676924,7990156,570070,0.06659521,495544,46260,0.08538163,0.058397498,0,0,0.0,366259,1727085,5065065,894996,273419,52611,106264,0.10547114,68575,0.008147081,74667,0.1378477,0.0072518513,143242,0.015988993,-18913,-0.0038069384,56010,0.010200452,87488,0.025365524,18657,0.0029823855,0.0069985986,-57692,-0.0071686246,48248,0.005703505,126267,0.3419303,26419,0.03439166,0.014525346,0,,0,,0.0,59762,118810,-123685,-0.023837147,-411,-0.00045900914,2628,-4202,15671,-0.0009080395
2017,2,8484447,642562,0.07040229,9127010,4988918,337528,0.063368276,3495529,305035,0.08026039,0.41199255,7980691,590560,0.06890015,503757,52002,0.093569234,0.059374124,0,0,0.0,371077,1717775,5077244,902598,262691,51701,101361,0.106382616,123875,0.01481657,62254,0.10727751,0.0054972917,186131,0.020817975,46978,0.009505983,32480,0.0052306056,76898,0.0224938,29775,0.0057427585,0.003093332,-10457,-0.001308573,34158,0.0038052574,134333,0.36362824,28096,0.032790985,0.015187666,0,,0,,0.0,51908,94191,-30266,-0.005925784,10751,0.012054758,-2307,-2026,1623,-0.00029032677
2017,3,8499904,647448,0.07077977,9147352,4978167,340409,0.06400371,3521737,307039,0.08019245,0.41432664,7976694,596111,0.069535136,523210,51336,0.089351006,0.06155485,0,0,0.0,363858,1730445,5066298,948516,253180,48012,89595,0.11159137,123675,0.014764997,55051,0.09292924,0.0047276095,178726,0.019927913,46288,0.009385469,20732,0.0031309798,77387,0.022467809,34318,0.006822683,0.0031212866,-15786,-0.0019751065,27770,0.003146492,139461,0.36341724,27280,0.030362483,0.015740752,0,,0,,0.0,29163,97362,-18129,-0.0035655936,54227,0.060636997,-24839,-3331,-10778,0.0048262924
2017,4,8535210,674754,0.073263444,9209964,4989452,348483,0.06528432,3545758,326270,0.084263384,0.41542715,7974826,624966,0.07267223,560384,49788,0.08159615,0.06565552,0,0,0.0,365347,1765324,5050919,963406,248545,53811,87859,0.11287428,184899,0.022142768,43610,0.06909675,0.0029915273,228509,0.025442313,111988,0.022960292,3437,-0.00078468025,72911,0.02099459,40172,0.008152105,-0.000467211,26249,0.003302352,19286,0.0018677562,158650,0.39491305,24324,0.021988168,0.017545495,0,,0,,0.0,33924,89870,52514,0.010506151,50707,0.0555572,-33189,2228,-11154,0.003573127
2017,5,8524137,672506,0.0731252,9196643,4969380,364030,0.06825469,3554757,308476,0.079849206,0.41702253,7957967,619050,0.07217539,566170,53457,0.08627255,0.06641957,0,0,0.0,358383,1763491,5012173,990711,253109,55948,90322,0.11622414,186716,0.022394935,43221,0.06868271,0.0029449984,229937,0.02564342,105515,0.021693652,11011,0.0005860701,81201,0.023376908,32210,0.0061747953,0.00040012598,35834,0.004523277,11596,0.0009580776,150882,0.36331895,31626,0.036329694,0.01660939,0,,0,,0.0,32489,75347,51996,0.01048269,56057,0.059976205,-30613,915,524,0.0041206926
2017,6,8537398,664048,0.072167784,9201446,4963054,363975,0.06832603,3574343,300073,0.0774499,0.41866896,7965471,610377,0.07117393,571927,53671,0.08579182,0.06699078,0,0,0.0,372848,1781307,4988692,982132,260881,61258,90279,0.1150388,201169,0.024131894,10770,0.01648609,-0.0005033836,211939,0.023576265,104997,0.02161296,-133,-0.0013975129,96171,0.027649868,10903,0.0006928593,0.0014333427,54248,0.006857094,-18691,-0.0024849623,146921,0.3456916,29461,0.03189891,0.016007781,0,,0,,0.0,39093,61504,53065,0.010751421,55442,0.05982799,-13836,2879,3021,0.0038745925
2017,7,8573496,636166,0.06907595,9209662,4966026,357903,0.06722526,3607470,278264,0.0716116,0.42077,7974511,597383,0.06969086,598984,38783,0.060811196,0.069864675,0,0,0.0,377344,1787784,4993828,992586,264440,68710,88804,0.11577374,240296,0.028835982,2145,0.0033831687,-0.0016283765,242441,0.027036358,95560,0.0196203,7352,8.300692e-05,144737,0.041798487,-5206,-0.0040571094,0.0052353144,54023,0.0068206657,-13101,-0.0018700138,186272,0.45133653,15246,0.006856948,0.02033849,0,,0,,0.0,30607,79836,47254,0.009552875,77914,0.08518245,-4994,9392,288,0.0060113072
2017,8,8613093,647829,0.06995297,9260921,4977295,364208,0.06818456,3635798,283621,0.072363004,0.42212453,7989523,610831,0.07102394,623570,36998,0.056009457,0.07239791,6155307,2457786,0.28535458,385674,1837173,4977278,990330,270484,69099,83055,0.11497956,234712,0.028014004,14221,0.022444477,-0.00035422295,248932,0.027622316,86178,0.017619288,19002,0.0022593439,148534,0.042593278,-4781,-0.004021384,0.005902827,40430,0.0050861146,6780,0.00040069968,194282,0.45256796,7441,-0.008406572,0.02116033,6155307,,2457786,,0.28535458,30835,111855,19328,0.0038983854,66722,0.072240606,6889,6844,-7763,0.004742548
2017,9,8622704,647495,0.06984697,9270199,4993776,345564,0.06472031,3628928,301932,0.076810576,0.42085728,7969236,610594,0.071166255,653468,36901,0.05345112,0.075784534,6125851,2496852,0.2895672,379248,1839765,4982257,1003490,258023,74749,85173,0.11637765,228982,0.02728015,46579,0.07751333,0.0030387118,275561,0.030636141,102457,0.020946702,19553,0.0022340566,126525,0.036125198,27027,0.0040326267,0.0035926998,7520,0.00094452,40603,0.0043577403,221462,0.5126364,5976,-0.013352424,0.02431681,6125851,,2496852,,0.2895672,32139,99505,19799,0.0039897566,80787,0.087554716,-12067,16236,-7415,0.006449878
2017,10,8712681,626062,0.06703919,9338743,5024248,346221,0.06446754,3688433,279841,0.07051952,0.4233408,8043827,581559,0.06742412,668855,44503,0.062384825,0.07676796,6144476,2568205,0.29476634,378456,1830469,5064731,1008464,258578,78411,93572,0.11574675,245584,0.02900451,46788,0.08077007,0.003005363,292372,0.03231926,96522,0.019587534,28680,0.0039290525,149063,0.04211569,18108,0.0016623512,0.0053261817,42164,0.0052694045,30236,0.0029644594,203421,0.4370566,16552,0.0057328455,0.021798242,6144476,,2568205,,0.29476634,34665,88273,55152,0.0110093085,74215,0.079438135,-16170,21129,-11679,0.005407989
2017,11,8768667,610856,0.06512653,9379523,5057824,333413,0.06184349,3710843,277443,0.06956445,0.42319348,8081953,571553,0.06604869,686714,39303,0.05413517,0.07831447,6171223,2597444,0.29621878,380356,1811770,5124193,1023986,245699,84041,98622,0.11677786,267957,0.03152172,48935,0.087085195,0.003122408,316892,0.034966886,125662,0.025478076,17573,0.0016606152,142295,0.039874762,31362,0.0050547197,0.003399402,63724,0.007947391,32455,0.003050238,204232,0.42329454,16481,0.008970022,0.021556668,6171223,,2597444,,0.29621878,38178,83762,59263,0.011700655,109781,0.12008357,-42116,30792,-11703,0.009233281
2017,12,8793923,644193,0.068254374,9438115,5076960,349132,0.064343125,3716963,295061,0.07354417,0.42267403,8118725,577828,0.06644335,675198,66365,0.08949298,0.07678002,6236821,2557102,0.29078054,368191,1770389,5160990,1023831,267091,80432,122998,0.116424836,259371,0.030390698,63617,0.10957567,0.0045606717,322987,0.03543417,114000,0.022970162,20274,0.0021984503,145371,0.04070202,43343,0.0077064782,0.0041877925,83191,0.01035289,21076,0.0016466305,176180,0.3530534,42541,0.043926045,0.018309727,6236821,,2557102,,0.29078054,12526,38435,56602,0.011088891,132967,0.14925623,-13038,26498,5381,0.012041569
2018,1,8787080,662415,0.07010053,9449494,5100373,343621,0.06311929,3686707,318793,0.07958894,0.4195599,8102333,598357,0.0687712,684746,64058,0.08554672,0.0779265,6249509,2537571,0.2887843,365036,1740266,5206258,1019841,261129,72738,121811,0.11606145,301380,0.03551622,46085,0.07477325,0.0023870468,347464,0.038174342,151252,0.030561386,467,-0.0017213151,150128,0.042450063,45617,0.0078846365,0.0027906597,112177,0.0140394,28287,0.0021759868,189202,0.38180667,17798,0.00016508996,0.019529004,6249509,,2537571,,0.2887843,-1223,13181,141193,0.027875852,124845,0.13949224,-12290,20127,15547,0.010590307
2018,2,8759081,697528,0.07376088,9456608,5089332,345579,0.06358506,3669749,351949,0.08751244,0.41896507,8058686,621118,0.07155898,700395,76410,0.098364264,0.079962134,6251707,2507374,0.28625992,369308,1753979,5179101,1000787,265108,69731,121067,0.114257105,274634,0.03236911,54966,0.08554194,0.003358595,329598,0.036112376,100414,0.02012741,8051,0.0002167821,174220,0.04984081,46914,0.0072520524,0.0069725215,77995,0.009772963,30558,0.002658829,196638,0.39034295,24408,0.0047950298,0.02058801,6251707,,2507374,,0.28625992,-1769,36204,101857,0.020061474,98189,0.10878486,2417,18030,19706,0.007874489
2018,3,8781084,660312,0.069937944,9441395,5101258,332805,0.061244316,3679826,327506,0.08172676,0.41906282,8058798,605779,0.069914475,722285,54532,0.07019965,0.08225471,6282374,2498710,0.28455594,358589,1796808,5187034,1017434,250196,71074,99947,0.1158666,281180,0.033080373,12864,0.019868776,-0.0008418262,294043,0.03214515,123091,0.02472617,-7604,-0.002759397,158089,0.044889495,20467,0.001534313,0.004736185,82104,0.010292986,9668,0.00037933886,199075,0.38048777,3196,-0.019151352,0.020699859,6282374,,2498710,,0.28455594,-5269,66363,120736,0.023831207,68918,0.07265876,-2984,23062,10352,0.0042752326
2018,4,8766651,698678,0.073814474,9465329,5091390,355428,0.0652542,3675261,343250,0.08541732,0.41923204,8041767,627364,0.072367616,724885,71314,0.089568004,0.08268661,6288590,2478061,0.28266913,354415,1832286,5135346,1027679,249364,72271,95290,0.11722591,231441,0.027116029,23924,0.035455886,0.00055103004,255365,0.027727036,101938,0.0204307,6945,-3.0122697e-05,129503,0.03652336,16980,0.0011539385,0.0038048923,66941,0.008394039,2398,-0.000304617,164501,0.2935505,21526,0.007971853,0.017031088,6288590,,2478061,,0.28266913,-10932,66962,84427,0.016715176,64273,0.06671435,819,18460,7431,0.004351631
2018,5,8755549,711313,0.07513714,9466862,5088923,374120,0.06848198,3666625,337193,0.084217824,0.41877732,8025134,630744,0.07286883,730414,80569,0.099347584,0.08342304,6301187,2454362,0.2803207,350458,1795704,5152323,1047375,248263,69580,91845,0.11962418,231412,0.02714785,38807,0.05770506,0.0020119399,270219,0.029382352,119543,0.024055919,10090,0.00022729486,111868,0.03146994,28717,0.004368618,0.0017547905,67167,0.008440221,11694,0.00069344044,164244,0.2900966,27112,0.013075031,0.01700347,6301187,,2454362,,0.2803207,-7925,32213,140150,0.027961925,56664,0.057195287,-4846,13632,1523,0.0034000427
2018,6,8708738,742228,0.07853459,9450965,5069650,393316,0.07199679,3639088,348912,0.08749038,0.41786632,7976592,638234,0.074085586,732146,103993,0.124373116,0.084070265,6288211,2420526,0.27794224,345946,1783601,5114843,1059445,247013,71624,86264,0.12165312,171340,0.020069346,78180,0.11773245,0.0063668042,249519,0.027117368,106596,0.021477904,29341,0.0036707595,64745,0.018113818,48839,0.010040477,-0.00080263615,11121,0.0013961509,27857,0.002911657,160219,0.2801389,50322,0.038581297,0.017079487,6288211,,2420526,,0.27794224,-26902,2294,126151,0.02528739,77313,0.078719564,-13868,10366,-4015,0.00661432
2018,7,8707194,728335,0.07719071,9435530,5061301,394055,0.07223276,3645893,334280,0.08398624,0.41872194,7964966,634058,0.07373603,742228,94277,0.11270383,0.08524309,6296606,2410589,0.27685022,354346,1778692,5120719,1048693,251000,72359,81386,0.120439865,133698,0.015594339,92169,0.144882,0.008114763,225868,0.024525113,95275,0.01918536,36152,0.005007498,38423,0.010650955,56016,0.0123746395,-0.0020480454,-9545,-0.0011969386,36675,0.004045166,143244,0.23914495,55494,0.051892634,0.015378416,6296606,,2410589,,0.27685022,-22998,-9092,126891,0.025409566,56107,0.056526083,-13440,3649,-7418,0.0046661273
2018,8,8710908,703266,0.0747029,9414174,5058289,386021,0.070903614,3652618,317245,0.07991329,0.41931546,7970855,614046,0.07152624,740052,89220,0.107588805,0.084956974,6295183,2415725,0.27732182,347359,1835980,5086116,1048517,243661,68052,81222,0.120368324,97815,0.0113565475,55437,0.08557351,0.0047499314,153253,0.016548354,80994,0.016272694,21813,0.0027190521,16820,0.0046262196,33624,0.0075502843,-0.0028090775,-18668,-0.00233656,3215,0.0005022958,116482,0.1867986,52222,0.05157935,0.012559064,139876,0.022724455,-42061,-0.017113369,-0.008032769,-38315,-1193,108838,0.021866972,58187,0.058755163,-26823,-1047,-1833,0.0053887665
2018,9,8773836,702367,0.07411906,9476204,5070851,392665,0.071870446,3702986,309702,0.07718071,0.42204866,8006430,620059,0.07187853,767406,82308,0.09686545,0.087465316,6268567,2505269,0.2855386,375174,1846886,5107200,1043289,240102,70825,90360,0.11890912,151132,0.017527217,54872,0.08474506,0.0042720884,206005,0.022222284,77075,0.015434212,47101,0.007150136,74058,0.02040768,7770,0.0003701374,0.0011913776,37194,0.004667198,9465,0.0007122755,113938,0.17435896,45407,0.043414332,0.011680782,142716,0.023297334,8417,0.0033710448,-0.0040285885,-4074,7121,124943,0.02507759,39799,0.039660584,-17921,-3924,5187,0.0025314689
2018,10,8828991,696415,0.07311127,9525406,5083802,386191,0.07060178,3745189,310223,0.07649611,0.4241922,8048341,606241,0.070048556,780650,90174,0.10354979,0.08841896,6243837,2585154,0.2928029,376822,1870239,5113486,1045717,243029,72322,107376,0.1184413,116310,0.013349507,70353,0.11237385,0.0060720816,186663,0.019988023,59554,0.011853316,39970,0.006134242,56756,0.015387564,30382,0.0059765875,0.00085139275,4514,0.0005611757,24682,0.0026244372,111795,0.16714385,45671,0.04116497,0.011651002,99361,0.016170785,16949,0.006599551,-0.0019634366,-1634,39770,48755,0.009626375,37253,0.036940336,-15549,-6089,13804,0.0026945472
2018,11,8914248,686084,0.07146463,9600333,5136299,364273,0.06622452,3777950,321812,0.07849519,0.42381027,8113635,601449,0.069012396,800613,84635,0.095606424,0.08981275,6320470,2593779,0.29097003,396120,1806473,5217364,1063528,249772,71575,109417,0.11930654,145581,0.01660241,75228,0.12315177,0.006338097,220810,0.02354171,78475,0.015515566,30860,0.0043810345,67107,0.01808403,44369,0.008930743,0.00061678886,31682,0.0039200922,29896,0.0029637069,113899,0.16586089,45332,0.041471254,0.01149828,149247,0.024184348,-3665,-0.0014110025,-0.005248755,15764,-5297,93171,0.01818257,39542,0.038615763,4073,-12466,10795,0.0025286824
2018,12,8927952,685390,0.071295716,9613342,5156616,357196,0.06478199,3771335,328194,0.08005659,0.42241883,8117403,616495,0.070586406,810549,68896,0.07833996,0.09078774,6374750,2553201,0.2859784,373501,1809481,5274829,1046857,242517,77215,103551,0.11725615,134029,0.015241093,41197,0.06395133,0.003041342,175227,0.01856589,79656,0.015689705,8064,0.000438869,54372,0.014628071,33133,0.006512426,-0.0002551973,-1322,-0.00016283344,38667,0.0041430593,135351,0.2004612,2531,-0.01115302,0.014007717,137929,0.022115273,-3901,-0.0015255552,-0.0048021376,5310,39092,113839,0.02205759,23026,0.02249004,-24574,-3217,-19447,0.00083131343
2019,1,8907637,673999,0.07034278,9581636,5180812,343466,0.06217386,3726825,330533,0.08146513,0.4183854,8101390,614174,0.070468694,806248,59825,0.06907564,0.090511985,6422255,2485382,0.27901697,379225,1798174,5277632,1041237,240216,78119,93035,0.11689259,120557,0.013719802,11584,0.017487526,0.00024224818,132142,0.013984029,80439,0.015771199,-155,-0.000945434,40118,0.010881797,11740,0.0018761903,-0.0011745095,-943,-0.00011638623,15817,0.0016974956,121502,0.17744097,-4233,-0.01647108,0.0125854835,172746,0.027641531,-52189,-0.020566517,-0.009767324,14189,57908,71374,0.01370927,21396,0.020979742,-20913,5381,-28776,0.00083114207
2019,2,8879110,692638,0.072362795,9571748,5164368,357035,0.06466383,3714742,335603,0.08285797,0.4183687,8076027,633517,0.07273823,803083,59122,0.06857031,0.090446346,6400127,2478983,0.27919278,364531,1821683,5258961,1036980,235652,74219,87083,0.11678871,120029,0.013703378,-4890,-0.007010471,-0.0013980865,115140,0.012175613,75036,0.014743782,11456,0.0010787696,44993,0.0122605115,-16346,-0.0046544746,-0.0005963743,17341,0.0021518397,12399,0.0011792481,102688,0.14661442,-17288,-0.029793955,0.010484211,148420,0.023740716,-28391,-0.011323001,-0.007067144,-4777,67704,79860,0.015419665,36193,0.036164537,-29456,4488,-33984,0.002531603
2019,3,8916017,681040,0.07096338,9597056,5170534,344458,0.06245855,3745483,336581,0.08245365,0.42008477,8106144,622409,0.07130726,809873,58630,0.067507304,0.09083354,6418023,2497994,0.28016925,379586,1857525,5220217,1061518,238041,68244,90885,0.11905746,134933,0.015366326,20728,0.031391222,0.0010254383,155661,0.016487077,69276,0.01358018,11653,0.0012142323,65657,0.01784242,9075,0.00072689354,0.0010219514,47346,0.0058750696,16630,0.0013927817,87588,0.12126515,4098,-0.0026923493,0.0085788295,135649,0.021591997,-716,-0.00028654785,-0.0043866932,20997,60717,33183,0.0063972976,44084,0.04332861,-12155,-2830,-9062,0.0031908602
2019,4,8925275,695825,0.0723228,9621100,5143409,357283,0.06495241,3781866,338542,0.08216217,0.42372543,8098279,631688,0.07235856,826996,64137,0.07197243,0.09265773,6425164,2500111,0.28011587,360483,1869081,5189335,1085454,248669,74618,97633,0.121615775,158624,0.018094026,-2853,-0.004083426,-0.0014916733,155771,0.016457008,52019,0.010217053,1855,-0.00030178577,106605,0.029006103,-4708,-0.0032551512,0.0044933856,56512,0.0070273113,4324,-9.052455e-06,102111,0.1408651,-7177,-0.017595574,0.009971119,136574,0.021717746,22050,0.008898086,-0.0025532544,6068,36795,53989,0.010513215,57775,0.05621892,-695,2347,2343,0.004389867
2019,5,8922608,697850,0.07253813,9620458,5119782,377150,0.068611056,3802826,320700,0.077773176,0.42620116,8093418,624615,0.071646325,829189,73235,0.08115361,0.09293126,6412001,2510607,0.28137589,367352,1867482,5159716,1101357,248873,77792,100036,0.1234344,167059,0.019080358,-13463,-0.01892697,-0.0025990084,153596,0.016224595,30859,0.006063955,3030,0.00012907386,136201,0.03714615,-16493,-0.006444648,0.007423848,68284,0.008508768,-6129,-0.0012225062,98775,0.13523152,-7334,-0.018193975,0.009508222,110814,0.01758621,56245,0.022916343,0.001055181,16894,71778,7393,0.0014348867,53982,0.051540278,610,8212,8191,0.0038102195
2019,6,8910558,727546,0.075486414,9638104,5112283,399062,0.07240729,3798275,328484,0.079598606,0.4262668,8094925,633081,0.07253444,815633,94465,0.103796326,0.09153553,6405836,2504722,0.28109595,341222,1862924,5158473,1142119,251447,59340,95033,0.12817591,201820,0.023174426,-14682,-0.019780984,-0.003048174,187139,0.019801047,42633,0.008409456,5746,0.0004104972,159187,0.04374365,-20428,-0.007891774,0.00840047,118333,0.014835033,-5153,-0.0015511438,83487,0.11403053,-9528,-0.02057679,0.0074652657,117625,0.018705638,84196,0.034784175,0.0031537116,-4724,79323,43630,0.008530076,82674,0.0780352,4434,-12284,8769,0.006522797
2019,7,8928049,731395,0.075718075,9659444,5118786,401364,0.072708964,3809263,330030,0.07973102,0.42666242,8097059,645197,0.07380215,830990,86197,0.09397991,0.093076356,6408224,2519825,0.28223687,345038,1876899,5154502,1150135,253611,61567,86297,0.12882262,220855,0.025364658,3060,0.0042013633,-0.001472637,223914,0.023730941,57485,0.011357752,7309,0.00047620386,163370,0.044809323,-4250,-0.0042552203,0.007940471,132093,0.016584251,11139,6.61239e-05,88762,0.11958859,-8080,-0.01872392,0.007833265,111618,0.017726693,109236,0.045315064,0.0053866506,-9308,98207,33783,0.006597316,101442,0.096731834,2611,-10792,4911,0.00838276
2019,8,9000091,712653,0.07337297,9712744,5167774,377846,0.06813405,3832317,334807,0.08034495,0.4258087,8141710,634991,0.07234962,858381,77662,0.08296828,0.09537474,6470637,2529454,0.28104755,357087,1898274,5184675,1139883,273342,63646,83183,0.1266524,289183,0.0331978,9387,0.0133477235,-0.0013299361,298570,0.031714942,109485,0.02164467,-8175,-0.002769567,179699,0.049197316,17562,0.0004316643,0.0064932406,170855,0.021434965,20945,0.000823386,118329,0.15989281,-11558,-0.024620526,0.010417767,175454,0.027871152,113729,0.04707862,0.0037257373,9728,62294,98559,0.019378047,91366,0.08713831,29681,-4406,1961,0.0062840804
2019,9,8994360,691688,0.0714108,9686049,5182047,366760,0.06609702,3812313,324929,0.07853755,0.42385596,8110575,639225,0.073056,883785,52463,0.05603543,0.098259956,6425274,2569087,0.2856331,374921,1895159,5209084,1106090,269283,64505,75318,0.122976,220524,0.025134275,-10679,-0.015204302,-0.0027082637,209845,0.022144416,111196,0.021928469,-25905,-0.005773425,109327,0.029524012,15227,0.0013568401,0.0018073022,104145,0.01300767,19166,0.0011774674,116379,0.15165246,-29845,-0.040830024,0.01079464,156707,0.024998855,63818,0.025473513,9.447336e-05,-253,48273,101884,0.019949092,62801,0.06019521,29181,-6320,-15042,0.004066877
2019,10,9045363,676684,0.069603086,9722047,5216910,353703,0.06349437,3828453,322982,0.07780007,0.42325032,8145837,628263,0.071604304,899525,48421,0.051079992,0.099446036,6414344,2631019,0.29086933,398539,1853227,5291813,1107116,263837,55974,74856,0.122395985,216372,0.02450699,-19731,-0.028332245,-0.0035081878,196641,0.020643845,133108,0.026182767,-32488,-0.0071074143,83264,0.022232255,12759,0.0013039634,-0.0009418726,97496,0.012113801,22022,0.0015557483,118875,0.15227695,-41753,-0.0524698,0.011027075,170507,0.027308049,45865,0.01774169,-0.0019335747,21717,-17012,178327,0.03487386,61399,0.05871474,20808,-16348,-32520,0.003954686
2019,11,9087132,690619,0.07063169,9777752,5234266,367226,0.065558605,3852866,323393,0.07743607,0.42399144,8175785,638550,0.07244453,911347,52069,0.05404605,0.10028988,6423812,2663321,0.29308707,383626,1861656,5334809,1116649,255221,55717,79454,0.12288245,172884,0.01939412,4535,0.0066099777,-0.00083293766,177419,0.018480504,97967,0.019073462,2953,-0.000665918,74916,0.019829802,1581,-0.0010591224,0.00018116832,62150,0.007659945,37101,0.0034321323,110734,0.13831152,-32566,-0.041560374,0.010477133,103342,0.016350366,69542,0.026811074,0.0021170378,-12494,55183,117445,0.02251041,53121,0.04994791,5449,-15858,-29963,0.0035759062
2019,12,9115641,733045,0.07443074,9848686,5236123,381786,0.06795867,3879518,351259,0.0830248,0.42558917,8207485,667556,0.07521722,908156,65489,0.06726184,0.099626146,6458793,2656848,0.29146037,375396,1822712,5418813,1093238,258785,54735,91962,0.11992991,187689,0.021022627,47655,0.06952976,0.0031350255,235344,0.024480976,79507,0.015418445,24590,0.0031766742,108183,0.028685598,23065,0.002968207,0.0031703413,90082,0.011097392,51061,0.0046308115,97607,0.12042085,-3407,-0.011078119,0.008838408,84043,0.0131837325,103647,0.040594924,0.0054819584,1895,13231,143984,0.02729643,46381,0.044305,16268,-22480,-11589,0.00267376
2020,1,9063374,767871,0.0781052,9831245,5225730,399205,0.070970684,3837644,368666,0.087645896,0.42342335,8166047,704662,0.07943696,897327,63209,0.06580615,0.09900582,6432777,2630597,0.2902448,356330,1804869,5431664,1097209,252974,40637,79689,0.1210597,155737,0.017483536,93872,0.13927618,0.007762417,249609,0.02605077,44918,0.008670069,55739,0.008796826,110819,0.029735498,38133,0.0061807632,0.0050379634,64657,0.007980976,90488,0.008968264,91079,0.112966485,3384,-0.0032694861,0.008493833,10522,0.0016383653,145215,0.05842764,0.011227816,-22895,6695,154032,0.029185817,55972,0.053755295,12758,-37482,-13346,0.0041671097
2020,2,8942425,801805,0.0822851,9744229,5198320,399299,0.071333796,3744104,402505,0.09706854,0.41869006,8037574,739020,0.08420347,904851,62785,0.064885214,0.10118627,6361969,2580455,0.28856328,349340,1756401,5375686,1099957,248535,37950,74555,0.12300436,63315,0.007130782,109167,0.15761048,0.009922303,172481,0.018019801,33952,0.0065742796,42264,0.0066699684,29362,0.007904183,66902,0.014210574,0.00032135844,-38453,-0.004761376,105503,0.011465237,101768,0.12672165,3663,-0.0036850944,0.0107399225,-38158,-0.005962069,101472,0.040932916,0.009370506,-15191,-65282,116725,0.02219545,62977,0.06073116,12883,-36269,-12528,0.0062156543
2020,3,8235931,814727,0.090018556,9050658,4840735,440386,0.08338875,3395196,374341,0.099306904,0.41224194,7386003,737220,0.09075458,849927,77507,0.08357178,0.1031975,6069404,2166527,0.26305792,299751,1520146,5030293,1090031,202109,37536,56065,0.1323507,-680086,-0.07627688,133687,0.1962983,0.019055173,-546398,-0.056933917,-329799,-0.06378432,95928,0.020930205,-350287,-0.09352252,37760,0.01685325,-0.007842839,-720141,-0.08883891,114811,0.019447327,40054,0.049457137,18877,0.016064472,0.012363963,-348619,-0.054318752,-331467,-0.13269328,-0.017111331,-79835,-337379,-189924,-0.036382396,28513,0.026860591,-35932,-30708,-34820,0.0132932365
2020,4,7450523,940361,0.11206933,8390883,4417801,546085,0.11001154,3032721,394276,0.11504997,0.40704817,6696446,824833,0.10966656,754076,115528,0.132851,0.10121118,5696061,1754462,0.23548172,259745,1318609,4546562,1078694,154953,35223,56737,0.14478093,-1474752,-0.16523322,244536,0.3514332,0.03974653,-1230217,-0.12786657,-725608,-0.14107531,188802,0.04505913,-749145,-0.19808872,55734,0.0328878,-0.01667726,-1401833,-0.17310259,193145,0.037308,-72920,-0.08817455,51391,0.060878575,0.008553453,-729103,-0.11347617,-745649,-0.29824635,-0.04463415,-100738,-550472,-642773,-0.12386423,-6760,-0.006227809,-93716,-39395,-40896,0.023165159
2020,5,7142568,994130,0.1221786,8136699,4231848,609782,0.12594554,2910721,384349,0.1166436,0.40751737,6406880,867667,0.11927434,735688,126464,0.14668371,0.103000484,5545343,1597225,0.22362061,240307,1223107,4358505,1092077,137618,32698,58256,0.152897,-1780040,-0.19949773,296280,0.42456114,0.04964047,-1483759,-0.15422957,-887934,-0.17343199,232632,0.057334483,-892105,-0.23459001,63649,0.038870424,-0.018683791,-1686538,-0.2083839,243052,0.047628015,-93501,-0.11276199,53229,0.0655301,0.010069221,-866658,-0.13516186,-913382,-0.36380923,-0.057755277,-127045,-644375,-801211,-0.15528199,-9280,-0.008425969,-111255,-45094,-41780,0.029462598
2020,6,7073193,1065447,0.13091215,8138639,4173934,649488,0.13465288,2899259,415959,0.12546965,0.409894,6343025,929335,0.12779,730167,136112,0.15712246,0.103230216,5495508,1577684,0.22305122,224748,1251580,4254369,1110846,137909,30412,63329,0.1570502,-1837365,-0.2062009,337901,0.46443936,0.05542574,-1499465,-0.15557677,-938349,-0.18354794,250426,0.062245592,-899016,-0.2366906,87475,0.04587105,-0.0163728,-1751900,-0.21641955,296254,0.055255562,-85466,-0.104784876,41647,0.053326137,0.011694685,-910328,-0.14210917,-927038,-0.3701161,-0.05804473,-116474,-611344,-904104,-0.17526582,-31273,-0.02738156,-113538,-28928,-31704,0.028874293
2020,7,7191414,1065796,0.1290746,8257210,4230267,659723,0.13491292,2961147,406073,0.120596014,0.4117614,6425421,921337,0.1254073,765993,144459,0.1586675,0.106514916,5571262,1620151,0.22528966,219771,1276006,4328706,1124842,141347,35150,65592,0.15641455,-1736635,-0.1945145,334401,0.45720986,0.05335653,-1402234,-0.14516716,-888519,-0.17358002,258359,0.06220396,-848116,-0.2226457,76043,0.040864997,-0.014901012,-1671638,-0.20645002,276140,0.051605143,-64997,-0.078216344,58262,0.064687595,0.01343856,-836962,-0.13060749,-899674,-0.3570383,-0.056947216,-125267,-600893,-825796,-0.16020869,-25293,-0.021991331,-112264,-26417,-20705,0.027591929
2020,8,7365055,1037582,0.12348291,8402637,4332794,637787,0.12831238,3032261,399795,0.11648848,0.41170922,6598224,893217,0.11923169,766831,144365,0.15843447,0.104117505,5635106,1729949,0.23488612,235889,1353121,4398700,1136267,142935,36375,61769,0.15427813,-1635036,-0.18166883,324929,0.45594278,0.050109945,-1310107,-0.13488536,-834980,-0.16157441,259941,0.060178332,-800056,-0.20876561,64988,0.036143526,-0.014099479,-1543486,-0.18957762,258226,0.04688207,-91550,-0.10665427,66703,0.075466186,0.008742765,-835531,-0.12912655,-799505,-0.3160781,-0.046161428,-121198,-545153,-785975,-0.15159582,-3616,-0.0031722554,-130407,-27271,-21414,0.027625725
2020,9,7667659,1003911,0.11577039,8671570,4531061,606539,0.118058845,3136598,397372,0.11244348,0.40906855,6847344,877086,0.11354707,820315,126825,0.13390273,0.10698382,5741385,1926274,0.25122064,252530,1468632,4580510,1129474,133404,35923,67186,0.14730367,-1326701,-0.14750366,312223,0.45139283,0.044359595,-1014479,-0.1047361,-650986,-0.12562333,239779,0.051961824,-675715,-0.17724541,72443,0.033905923,-0.014787406,-1263231,-0.15575111,237861,0.040491074,-63470,-0.07181611,74362,0.0778673,0.0087238625,-683889,-0.106437325,-642813,-0.25021067,-0.034412444,-122391,-426527,-628574,-0.12066881,23384,0.021141136,-135879,-28582,-8132,0.024327673
2020,10,7916724,954352,0.10758023,8871076,4701328,548386,0.10446022,3215395,405966,0.112103164,0.40615228,7046840,858537,0.10860169,869884,95815,0.09921833,0.10987925,5804444,2112280,0.26681232,248001,1568940,4703689,1129996,148845,39588,77664,0.14273533,-1128639,-0.124775425,277668,0.4103363,0.037977144,-850971,-0.087530024,-515582,-0.098829,194683,0.040965848,-613058,-0.16013204,82984,0.03430309,-0.01709804,-1098997,-0.13491517,230274,0.036997385,-29641,-0.032951836,47394,0.04813834,0.010433212,-609900,-0.095083766,-518739,-0.19716278,-0.024057,-150538,-284287,-588124,-0.11113847,22880,0.020666309,-114992,-16386,2808,0.020339347
2020,11,8026217,920263,0.102863185,8946480,4773744,521478,0.0984809,3252472,398785,0.10921858,0.4052311,7124560,827699,0.104083516,901656,92564,0.09310241,0.1123389,5860908,2165309,0.2697795,233676,1589026,4792071,1135205,152864,42050,81323,0.14143717,-1060915,-0.11674916,229644,0.33251908,0.032231495,-831272,-0.085016675,-460522,-0.087982155,154252,0.032922298,-600394,-0.15583049,75392,0.031782515,-0.018760353,-1051225,-0.12857787,189149,0.031638987,-9691,-0.010633711,40495,0.03905636,0.012049019,-562904,-0.087627724,-498012,-0.1869891,-0.023307562,-149950,-272630,-542738,-0.10173523,18556,0.016617576,-102357,-13667,1869,0.018554725
2020,12,8121420,925214,0.10227161,9046634,4816037,517060,0.09695307,3305383,408154,0.109909676,0.4069957,7229895,824956,0.10241733,891525,100257,0.10108813,0.10977453,5921770,2199650,0.27084547,236664,1611216,4871980,1128763,165620,31812,75364,0.13898598,-994221,-0.10906759,192169,0.26215172,0.027840868,-802052,-0.08143746,-420086,-0.08022844,135274,0.028994404,-574135,-0.14799133,56895,0.026884876,-0.01859346,-977590,-0.11910957,157400,0.02720011,-16631,-0.018312933,34768,0.03382629,0.010148384,-537023,-0.08314603,-457198,-0.17208286,-0.020614892,-138732,-211496,-546833,-0.1009138,35525,0.03249521,-93165,-22923,-16598,0.019056067
2021,1,8167623,938324,0.10304521,9105948,4833886,527239,0.09834479,3333737,411086,0.109774396,0.40816486,7260603,833808,0.10301032,907020,104516,0.10332446,0.11105067,6006452,2161171,0.26460218,245249,1634081,4901116,1117239,171330,27404,71205,0.13678876,-895751,-0.09883196,170453,0.2219813,0.024940014,-725297,-0.07377469,-391844,-0.07498359,128034,0.027374104,-503907,-0.13130635,42420,0.0221285,-0.015258491,-905444,-0.11087911,129146,0.023573361,9693,0.010802082,41307,0.037518308,0.012044854,-426325,-0.06627387,-469426,-0.17844847,-0.025642604,-111081,-170788,-530548,-0.09767688,20030,0.01825541,-81644,-13233,-8484,0.015729055
2021,2,8148206,941088,0.103538096,9089294,4826056,529242,0.09882595,3322150,411846,0.11029627,0.4077155,7216709,845767,0.10490167,931496,95321,0.09283138,0.114319175,5973674,2174531,0.26687244,246920,1646377,4876186,1102101,172178,32297,72145,0.13525689,-794219,-0.08881472,139283,0.1737118,0.021252997,-654935,-0.067212604,-372264,-0.071612366,129943,0.02749215,-421954,-0.11269826,9341,0.013227731,-0.010974556,-820865,-0.10212845,106747,0.020698205,26645,0.029446837,32536,0.027946167,0.013132907,-388295,-0.061033778,-405924,-0.15730715,-0.021690845,-102420,-110024,-499500,-0.09291837,2144,0.0019491671,-76357,-5653,-2410,0.0122525245
2021,3,8104129,924974,0.10244367,9029103,4802906,521308,0.09791266,3301222,403666,0.108955085,0.40735066,7157497,839376,0.10496309,946632,85598,0.08292534,0.11680856,5980572,2123557,0.26203394,249971,1642202,4853941,1082985,167679,33212,74138,0.13363376,-131802,-0.01600329,110247,0.13531771,0.012425117,-21555,-0.0023815949,-37829,-0.007814722,80922,0.0145239085,-93974,-0.02767852,29325,0.0096481815,-0.0048912764,-228506,-0.030937707,102156,0.014208503,96705,0.11378036,8091,-0.0006464347,0.013611063,-88832,-0.014636033,-42970,-0.019833587,-0.001023978,-49780,122056,-176352,-0.035058,-7046,-0.006464036,-34430,-4324,18073,0.0012830645
2021,4,8041110,897161,0.10037301,8938272,4746478,517943,0.098385535,3294632,379218,0.10322096,0.40972358,7104294,817912,0.10324296,936816,79249,0.07799625,0.11650336,5942678,2098432,0.26096296,248784,1643788,4801819,1072747,164508,39432,70031,0.13340782,590587,0.07926786,-43200,-0.045939803,-0.011696324,547389,0.06523616,328677,0.074398324,-28142,-0.011626005,261911,0.08636172,-15058,-0.011829011,0.002675414,407848,0.060905144,-6921,-0.0064236,182740,0.24233632,-36279,-0.054854758,0.015292175,246617,0.04329606,343970,0.1960544,0.025481239,-10961,325179,255257,0.056142863,-5947,-0.0055131484,9555,4209,13294,-0.011373118
2021,5,8041191,843758,0.09496488,8884950,4739490,488392,0.09342058,3301701,355366,0.0971725,0.41059855,7107945,767194,0.09741976,933246,76564,0.07582018,0.1160582,5953391,2087800,0.25963813,243923,1652711,4836497,1048695,163320,33698,62348,0.1304153,898623,0.1258123,-150372,-0.1512599,-0.027213722,748251,0.09196002,507642,0.11995752,-121390,-0.03252496,390980,0.1343241,-28983,-0.019471101,0.0030811727,701065,0.10942378,-100473,-0.02185458,197558,0.26853502,-49900,-0.07086353,0.013057716,408048,0.07358391,490575,0.30714208,0.036017522,3616,429604,477992,0.1096688,-43382,-0.039724305,25702,1000,4092,-0.022481695
2021,6,8148948,799380,0.08933289,8948328,4797207,458616,0.0872586,3351741,340764,0.09228539,0.4113097,7192230,735557,0.09278211,956718,63823,0.062538624,0.11740386,5957613,2191335,0.26891014,236411,1721427,4847475,1076482,171043,33610,62499,0.13210079,1075755,0.15208901,-266067,-0.24972336,-0.04157926,809689,0.09948703,623273,0.14932507,-190872,-0.047394283,452482,0.15606816,-75195,-0.033184268,0.0014156997,849205,0.13388012,-193778,-0.035007894,226551,0.31027284,-72289,-0.09458384,0.014173642,462105,0.08408777,613651,0.38895684,0.04585892,11663,469847,593106,0.13941103,-34364,-0.030934982,33134,3198,-830,-0.024949417
2021,7,8258775,771903,0.08547566,9030678,4859405,448912,0.08456771,3399370,322991,0.08677045,0.4116071,7287911,703167,0.087994,970865,68736,0.06611799,0.11755552,6018168,2240607,0.27130017,250528,1752947,4905048,1084059,179863,28841,57489,0.13126151,1067361,0.14842157,-293893,-0.27574977,-0.043598942,773468,0.093671836,629138,0.148723,-210811,-0.050345212,438223,0.14799096,-83082,-0.03382556,-0.00015431643,862490,0.1342309,-218170,-0.03741329,204872,0.26745936,-75723,-0.09254952,0.011040606,446906,0.080216296,620456,0.38296184,0.04601051,30757,476941,576342,0.13314418,-40783,-0.03625665,38516,-6309,-8103,-0.02515304
2021,8,8345240,765842,0.08405611,9111082,4906501,441681,0.08258523,3438739,324161,0.08614667,0.41205996,7380778,687767,0.08524048,964462,78076,0.0748899,0.115570344,6037868,2307371,0.27648956,254083,1791541,4925369,1103603,186421,25614,58609,0.13224341,980185,0.1330859,-271740,-0.2618974,-0.039426804,708445,0.08431222,573707,0.1324104,-196106,-0.04572715,406478,0.13405113,-75634,-0.030341811,0.00035074353,782554,0.118600704,-205450,-0.03399121,197631,0.25772431,-66289,-0.08354457,0.011452839,402762,0.071473725,577422,0.33377978,0.04160343,18194,438420,526669,0.11973288,-32664,-0.028746765,43486,-10761,-3160,-0.02203472
2021,9,8456511,743008,0.080766,9199520,4946017,431984,0.08032423,3510494,311025,0.08138771,0.4151232,7483061,668373,0.08199451,973450,74636,0.07121136,0.11511246,6094846,2361665,0.2792718,276944,1817204,4976121,1099760,192999,29986,63497,0.13004892,788852,0.102880426,-260903,-0.2598866,-0.035004392,527950,0.060882863,414956,0.09158032,-174555,-0.037734613,373896,0.11920431,-86347,-0.031055763,0.00605464,635717,0.0928414,-208713,-0.03155256,153135,0.18667829,-52189,-0.06269137,0.008128643,353461,0.061563715,435391,0.22602755,0.028051168,24414,348572,395611,0.08636833,-29714,-0.026307821,59595,-5937,-3689,-0.017254755
2021,10,8558362,696688,0.075276494,9255050,4992795,404794,0.074995294,3565568,291894,0.07566995,0.416618,7577931,629250,0.07667062,980431,67438,0.06435738,0.11455826,6143783,2414580,0.28213105,275421,1841747,5057160,1086998,192073,32225,72738,0.12701006,641638,0.08104842,-257664,-0.26998842,-0.032303736,383974,0.043283813,291467,0.06199674,-143592,-0.029464923,350173,0.10890513,-114072,-0.036433212,0.010465711,531091,0.07536584,-229287,-0.031931072,110547,0.12708247,-28377,-0.034860954,0.0046790093,339339,0.05846193,302300,0.14311549,0.0153187215,27420,272807,353471,0.075147614,-42998,-0.038051464,43228,-7363,-4926,-0.01572527
2021,11,8678287,672297,0.07189893,9350584,5045344,382855,0.070530705,3632943,289442,0.07379243,0.4186244,7679033,609833,0.07357256,999254,62464,0.058832865,0.115144156,6224166,2454121,0.2827886,281114,1854632,5136038,1104249,190781,32263,79211,0.12724268,652070,0.08124251,-247966,-0.26945123,-0.030964255,404104,0.045169048,271600,0.05689455,-138623,-0.027950197,380471,0.116979025,-109343,-0.035426155,0.013393313,554473,0.077825576,-217866,-0.030510955,97598,0.108243056,-30100,-0.034269545,0.0028052554,363258,0.061979815,288812,0.13338143,0.013009101,47438,265606,343967,0.07177836,-30956,-0.027269084,37917,-9787,-2112,-0.0141944885
2021,12,8712890,683236,0.07271465,9396126,5072568,378863,0.06949784,3640322,304373,0.077160165,0.41780877,7719188,619579,0.07430102,993703,63657,0.060203876,0.11404972,6270321,2442569,0.2803397,273915,1820645,5231129,1095695,191480,29197,70829,0.12575565,591470,0.0728284,-241978,-0.26153734,-0.02955696,349492,0.03863227,256531,0.053265996,-138197,-0.027455233,334939,0.101331376,-103781,-0.03274951,0.010813057,489293,0.067676365,-205377,-0.028116308,102178,0.11461036,-36600,-0.040884253,0.004275188,348551,0.05885926,242919,0.1104353,0.009494215,37251,209429,359149,0.07371726,-33068,-0.029295787,25860,-2615,-4535,-0.013230324
2022,1,8768645,710820,0.07498522,9479464,5103423,380266,0.06934488,3665222,330554,0.08272585,0.41799182,7770000,654628,0.077704124,998644,56191,0.05327018,0.11388811,6329724,2438920,0.27814108,266742,1772655,5338858,1110426,193311,22305,64346,0.126636,601022,0.07358591,-227504,-0.24245782,-0.02805999,373516,0.041018903,269537,0.0557599,-146973,-0.02899991,331485,0.09943346,-80532,-0.027048543,0.009826958,509397,0.07015905,-179180,-0.025306195,91624,0.101016514,-48325,-0.05005428,0.0028374344,323272,0.053820793,277749,0.12851782,0.013538897,21493,138574,437742,0.08931476,-6813,-0.0060980683,21981,-5099,-6859,-0.010152757
2022,2,8797561,744041,0.077978656,9541602,5124955,394816,0.071527675,3672606,349225,0.086832315,0.41745725,7796597,686808,0.08095895,1000964,57234,0.05408607,0.11377743,6398677,2398884,0.27267605,272136,1780992,5367807,1099610,194475,25015,57527,0.12499029,649355,0.079693004,-197047,-0.20938212,-0.02555944,452308,0.049762722,298899,0.061934423,-134426,-0.027298272,350456,0.10549072,-62621,-0.023463957,0.009741753,579888,0.08035352,-158959,-0.023942724,69468,0.07457681,-38087,-0.03874531,-0.0005417466,425003,0.071146,224353,0.103173055,0.005803615,25216,134615,491621,0.1008208,-2491,-0.0022602284,22297,-7282,-14618,-0.010266595
2022,3,8835478,742016,0.07747493,9577493,5120780,397552,0.07204203,3714697,344464,0.084860824,0.42042968,7824670,681044,0.08006896,1010808,60972,0.056888495,0.11440328,6434879,2400599,0.27169994,276563,1799117,5341479,1125144,208980,27056,57138,0.12734391,731349,0.090243995,-182958,-0.197798,-0.024968743,548390,0.06073582,317874,0.06618368,-123756,-0.025870629,413475,0.12524907,-59202,-0.024094261,0.013079017,667173,0.09321317,-158332,-0.024894126,64176,0.06779403,-24626,-0.026036847,-0.0024052858,454307,0.0759638,277042,0.13046129,0.009665996,26592,156915,487538,0.10044168,42159,0.038928516,41301,-6156,-17000,-0.0062898546
2022,4,8855076,749542,0.0780398,9604618,5118435,402330,0.072875716,3736641,347213,0.08502088,0.4219773,7852247,676467,0.0793164,1002829,73076,0.067920156,0.11324906,6433286,2421790,0.2734917,288415,1881652,5277114,1114679,201819,33093,58305,0.12588017,813966,0.10122558,-147619,-0.16454014,-0.022333205,666346,0.07454976,371957,0.07836484,-115613,-0.02550982,442009,0.13416035,-32005,-0.018200085,0.0122537315,747953,0.10528182,-141445,-0.023926564,66013,0.07046528,-6173,-0.010076091,-0.0032542944,490608,0.08255672,323358,0.15409505,0.012528747,39631,237864,475295,0.09898228,41932,0.039088435,37311,-6339,-11726,-0.0075276494
2022,5,8838432,748913,0.07811474,9587345,5106684,408017,0.073987134,3731748,340896,0.08370386,0.42221832,7844541,684058,0.08020756,993891,64855,0.061256222,0.11245101,6442499,2395933,0.27108127,288857,1843418,5293925,1115087,207348,30766,59032,0.12616344,797241,0.099144645,-94845,-0.112407826,-0.016850136,702395,0.07905447,367194,0.07747542,-80375,-0.019433446,430047,0.13025014,-14470,-0.013468638,0.0116197765,736596,0.103629954,-83136,-0.017212205,60645,0.06498287,-11709,-0.014563955,-0.0036071911,489108,0.0821562,308133,0.14758742,0.011443138,44934,190707,457428,0.09457837,66392,0.06330916,44028,-2932,-3316,-0.0042518675
2022,6,8849831,761069,0.079188116,9610900,5092337,425221,0.077066846,3757494,335848,0.08204745,0.4245837,7868063,690984,0.0807314,981768,70085,0.066630274,0.11093635,6492333,2357499,0.26638913,291735,1822479,5326524,1114586,205465,30107,58936,0.12594435,700883,0.08600902,-38311,-0.047925893,-0.010144778,662572,0.07404422,295130,0.061521214,-33395,-0.0101917535,405753,0.12105738,-4916,-0.01023794,0.013274014,675833,0.0939671,-44573,-0.012050711,25050,0.026183264,6262,0.0040916502,-0.0064675063,534720,0.08975407,166164,0.07582775,-0.0025210083,55324,101052,479049,0.09882444,38104,0.035396785,34422,-3503,-3563,-0.0061564445
2022,7,8853293,762473,0.079293996,9615766,5099563,427685,0.07737753,3753730,334788,0.08188486,0.42399254,7878034,692427,0.08079222,975260,70046,0.06701006,0.110157825,6492904,2360389,0.26661146,292977,1826756,5321784,1120421,203796,29074,58487,0.12655413,594518,0.07198622,-9430,-0.012216561,-0.0061816648,585088,0.06478894,240158,0.049421277,-21227,-0.007190183,354360,0.10424285,11797,-0.0048855916,0.012385458,590123,0.08097286,-10740,-0.0072017834,4395,0.004526891,1310,0.0008920729,-0.0073976964,474736,0.078883804,119782,0.053459622,-0.00468871,42449,73809,416736,0.08496064,36362,0.033542454,23933,233,998,-0.004707381
2022,8,8843544,773188,0.08040024,9616732,5098485,435475,0.078691326,3745059,337713,0.082716584,0.42347944,7874068,691433,0.08072301,969477,81755,0.07777031,0.10962534,6450303,2393242,0.2706202,293145,1858883,5294979,1112514,200818,25712,57493,0.12579954,498304,0.059711166,7346,0.009592057,-0.0036558658,505650,0.055498347,191984,0.039128494,-6206,-0.0038939044,306320,0.089079164,13552,-0.0034300834,0.011419475,493290,0.06683442,3666,-0.0045174733,5015,0.00519979,3679,0.0028804094,-0.0059450045,412435,0.068308055,85871,0.037215948,-0.005869359,39062,67342,369610,0.07504209,8911,0.0080744615,14397,98,-1116,-0.006443873
2022,9,8869323,767933,0.07968381,9637256,5128151,414661,0.07481065,3741172,353272,0.0862808,0.4218103,7894787,687341,0.08008984,974536,80592,0.07638126,0.10987714,6415563,2453760,0.27665693,282090,1872852,5313143,1109588,207337,23184,61128,0.125104,412812,0.048815876,24925,0.03354607,-0.0010821894,437736,0.04758248,182134,0.03682438,-17323,-0.005513586,230678,0.06571098,42247,0.004893087,0.0066871047,411726,0.055021066,18968,-0.0019046739,1086,0.0011156197,5956,0.0051698983,-0.005235322,320717,0.05262102,92095,0.038995795,-0.0026148856,5146,55648,337022,0.06772786,9828,0.0089364955,14338,-6802,-2369,-0.0049449205
2022,10,8883090,767075,0.07948823,9650165,5112088,409487,0.074161194,3771002,357588,0.08661261,0.42451468,7905595,678228,0.07901236,977495,88846,0.0833189,0.11003997,6460060,2423030,0.27276883,280900,1807301,5398898,1097117,217683,20964,60228,0.1235062,324728,0.037942775,70387,0.10103088,0.0042117387,395115,0.042691827,119293,0.02389303,4693,-0.00083409995,205434,0.057616066,65694,0.01094266,0.007896692,327664,0.043239243,48978,0.0023417398,-2936,-0.0029946014,21408,0.018961519,-0.0045182854,316277,0.051479194,8450,0.0034995733,-0.009362221,5479,-34446,341738,0.06757508,10119,0.009309125,25610,-11261,-12510,-0.003503859
2022,11,8965230,765069,0.07862749,9730299,5142410,404159,0.07286646,3822820,360910,0.08626515,0.4264052,7970133,681702,0.078792736,995097,83367,0.07730183,0.11099515,6511666,2453565,0.2736756,286450,1808485,5442275,1115803,224215,19770,68232,0.124458894,286943,0.033064473,92772,0.13799259,0.0067285597,379715,0.040608693,97066,0.019238727,21304,0.002335757,189877,0.05226534,71468,0.012472719,0.0077807903,291100,0.03790842,71869,0.005220175,-4157,-0.0041601034,20903,0.018468965,-0.004149005,287500,0.04619093,-556,-0.00022655769,-0.009113014,5336,-46147,306237,0.05962514,11554,0.01046322,33434,-12493,-10979,-0.0027837902
2022,12,9008546,787317,0.080372445,9795863,5167625,425452,0.076067664,3840920,361865,0.08610126,0.4263641,8024121,708883,0.08117286,984425,78435,0.073795855,0.109276816,6551573,2456973,0.27273804,300449,1789088,5481015,1140785,212277,18953,65979,0.12663369,295656,0.033933174,104081,0.15233536,0.007657796,399737,0.042542744,95057,0.018739423,46589,0.006569825,200598,0.055104464,57492,0.008941092,0.008555323,304933,0.039503247,89304,0.006871842,-9278,-0.009336794,14778,0.013591979,-0.0047729015,281252,0.04485448,14404,0.00589707,-0.0076016486,26534,-31557,249886,0.047769036,45090,0.041151963,20797,-10244,-4850,0.000878036
2023,1,9030162,824612,0.083676405,9854774,5191026,444315,0.07884434,3839135,380297,0.090129964,0.4251458,8033703,750769,0.085465476,996458,73843,0.06899273,0.11034778,6563730,2466432,0.27313265,289599,1816838,5442676,1197048,197677,20744,65579,0.1325611,261517,0.029824106,113792,0.16008553,0.008691184,375310,0.0395919,87603,0.017165538,64049,0.00949946,173913,0.047449514,49743,0.0074041113,0.007153988,263703,0.03393861,96141,0.0077613518,-2186,-0.0021889682,17652,0.015722547,-0.0035403296,234006,0.036969386,27512,0.011280403,-0.0050084293,22857,44183,103818,0.019445732,86622,0.0780079,4366,-1561,1233,0.005925104
2023,2,9006145,869932,0.088084795,9876077,5185551,470519,0.08318835,3820594,399413,0.09464748,0.42422077,8014430,791695,0.089902736,991715,78237,0.073122345,0.11011536,6534086,2472059,0.27448577,283039,1846401,5419702,1193749,181465,22977,58810,0.1325483,208584,0.023709299,125891,0.169199,0.010106139,334475,0.035054386,60596,0.011823714,75703,0.011660673,147988,0.040295094,50188,0.007815167,0.006763518,217833,0.027939497,104887,0.008943789,-9249,-0.009240093,21003,0.019036274,-0.0036620721,135409,0.021162031,73175,0.030503768,0.0018097162,10903,65409,51895,0.009667821,94139,0.08561126,-13010,-2038,1283,0.0075580105
2023,3,9006729,853902,0.086597085,9860631,5190018,452694,0.08022638,3816711,401208,0.0951198,0.4237622,7997392,775443,0.08839142,1009337,78459,0.07212618,0.11206481,6542748,2463981,0.27357113,282464,1881430,5389521,1189092,183287,25129,55805,0.13202266,171251,0.0193822,111886,0.1507865,0.009122156,283138,0.029562851,69238,0.013520987,55142,0.008184344,102014,0.027462266,56744,0.010258973,0.0033325255,172722,0.02207403,94399,0.008322462,-1471,-0.0014552714,17487,0.015237685,-0.002338469,107869,0.016763175,63382,0.026402578,0.0018711984,5901,82313,48042,0.008994138,63948,0.05683539,-25693,-1927,-1333,0.004678756
2023,4,9034231,841916,0.08524738,9876146,5177600,456961,0.08109974,3856631,384954,0.09075713,0.42689088,8014604,764114,0.08704162,1019627,77802,0.07089459,0.11286258,6560264,2473967,0.2738437,291642,1877890,5426031,1165345,192555,25260,55507,0.12899214,179155,0.020231899,92374,0.12324059,0.00720758,271528,0.028270567,59165,0.011559198,54631,0.008224025,119990,0.032111727,37741,0.005736254,0.0049135685,162357,0.020676501,87647,0.0077252164,16798,0.016750613,4726,0.0029744357,-0.00038648397,126978,0.019737659,52177,0.021544809,0.00035199523,3227,-3762,148917,0.028219402,50666,0.045453444,-9264,-7833,-2798,0.0031119734
2023,5,9035114,842305,0.08527585,9877419,5151724,461055,0.08214382,3883390,381250,0.08939796,0.42981088,8008194,764010,0.08709446,1026920,78295,0.07084129,0.11365873,6579797,2455317,0.27175272,297712,1865859,5428293,1168201,196605,23655,54790,0.12929563,196682,0.022253042,93392,0.1247034,0.0071611106,290074,0.030255927,45040,0.008819814,53038,0.008156687,151642,0.04063565,40354,0.005694099,0.007592559,163653,0.020862024,79952,0.006886907,33029,0.033232015,13440,0.009585068,0.0012077242,137298,0.021311296,59384,0.024785334,0.0006714463,8855,22441,134368,0.025381546,53114,0.047632158,-10743,-7111,-4242,0.0031321943
2023,6,9028647,868170,0.087722145,9896817,5130513,482115,0.085898325,3898135,386055,0.09011148,0.4317518,8022472,783095,0.08893181,1006175,85075,0.07796103,0.11144255,6602862,2425785,0.26867652,290169,1861554,5426881,1176445,191879,25466,56255,0.13030136,178816,0.020205583,107101,0.14072444,0.008534029,285917,0.029749243,38176,0.0074967546,56894,0.008831479,140641,0.037429467,50207,0.008064032,0.0071680844,154409,0.019624779,92111,0.008200407,24407,0.024860252,14990,0.011330754,0.0005061999,110529,0.017024543,68286,0.028965442,0.0022873878,-1566,39075,100357,0.018840993,61859,0.05549953,-13586,-4641,-2681,0.00435701
2023,7,9005443,890175,0.089956515,9895618,5116106,492907,0.087877594,3889337,397269,0.092676766,0.43188736,8006888,806021,0.09145908,998555,84155,0.07772605,0.110883445,6599226,2406217,0.26719585,281896,1870047,5411350,1172246,187768,23727,58409,0.13017082,152150,0.017185695,127702,0.16748397,0.010662518,279852,0.029103454,16543,0.0032440035,65222,0.010500066,135607,0.036125932,62481,0.010791905,0.007894814,128854,0.01635611,113594,0.010666862,23295,0.023885937,14109,0.010715991,0.0007256195,106322,0.016375108,45828,0.019415444,0.00058439374,-11081,43291,89566,0.01683007,51825,0.046254933,-16028,-5347,-78,0.0036166906
2023,8,9023452,882959,0.08913009,9906411,5129354,489394,0.08710011,3894099,393566,0.09179025,0.43155307,8026862,799231,0.0905532,996591,83728,0.077503316,0.110444486,6616340,2407112,0.2667618,287450,1876510,5405713,1179616,188124,27337,58702,0.13072786,179908,0.020343428,109771,0.14197195,0.008729845,289679,0.030122396,30869,0.0060545434,53919,0.008408785,149040,0.039796434,55853,0.009073667,0.008073628,152794,0.01940471,107798,0.009830192,27114,0.027967656,1973,-0.00026699156,0.00081914663,166037,0.02574096,13870,0.005795486,-0.0038583875,-5695,17627,110734,0.02091302,67102,0.060315646,-12694,1625,1209,0.0049283206
2023,9,9052989,882955,0.08886469,9935943,5140682,489975,0.08701907,3912307,392980,0.09127848,0.43215635,8042254,802832,0.09076594,1010735,80122,0.0734487,0.11164655,6605041,2447948,0.2704022,291161,1890149,5400834,1194881,190952,23866,61146,0.13198742,183666,0.020708006,115022,0.1497813,0.009180881,298687,0.030992951,12531,0.0024435709,75314,0.0122084245,171135,0.045743685,39708,0.004997678,0.010346055,147467,0.018679034,115491,0.010676101,36199,0.03714486,-470,-0.002932556,0.0017694086,189478,0.029534118,-5812,-0.00236861,-0.0062547326,9071,17297,87691,0.016504543,85293,0.07686907,-16385,682,18,0.0068834275
2023,10,9138417,874357,0.08732412,10012773,5192100,481712,0.08490088,3946317,392645,0.09049287,0.4318381,8125778,790461,0.08865404,1012639,83896,0.07651018,0.11081119,6628639,2509777,0.27464026,281915,1919120,5457388,1196513,193613,29338,60529,0.13093221,255327,0.028743038,107282,0.13985856,0.007835887,362608,0.037575316,80012,0.01565153,72225,0.010739684,175315,0.046490297,35057,0.003880255,0.007323414,220183,0.02785154,112233,0.009641685,35144,0.035953127,-4950,-0.006808713,0.00077121705,168579,0.026095578,86747,0.035801042,0.0018714368,1015,111819,58490,0.010833693,99396,0.09059745,-24070,8374,301,0.0074260086
2023,11,9223135,854111,0.08475639,10077246,5229860,470135,0.082479835,3993275,383976,0.0877209,0.4329629,8194533,778207,0.08673014,1028602,75904,0.06872214,0.1115241,6683857,2539278,0.27531615,277827,1918154,5538889,1196320,196889,30078,64979,0.12970859,257905,0.028767249,89042,0.116384275,0.0061288998,346947,0.035656355,87450,0.017005645,65976,0.009613372,170455,0.04458881,23066,0.001455754,0.006557703,224400,0.028155115,96505,0.0079374015,33505,0.033670083,-7463,-0.008579694,0.0005289465,172191,0.026443463,85713,0.034934066,0.0016405582,-8623,109669,96614,0.017752502,80517,0.07216059,-27326,10308,-3253,0.005249694
2023,12,9273426,854341,0.08435631,10127768,5261606,467216,0.081555344,4011820,387125,0.08800405,0.43261465,8254556,775460,0.085875824,1018870,78881,0.07185693,0.10986989,6718514,2554912,0.27550897,278144,1889551,5632069,1182672,192900,32117,65973,0.12753348,264880,0.029403191,67024,0.085129626,0.0039838627,331905,0.03388216,93981,0.018186498,41764,0.0054876804,170900,0.044494547,25260,0.0019027963,0.0062505603,230435,0.028717788,66577,0.004702963,34445,0.034989968,446,-0.0019389242,0.00059307367,166941,0.025481056,97939,0.03986165,0.0027709305,-22305,100463,151054,0.027559495,41887,0.036717698,-19377,13164,-6,0.0008997917
2024,1,9309608,865300,0.085042566,10174908,5308892,468583,0.08110522,4000716,396717,0.09021557,0.42974052,8289841,785443,0.08654745,1019767,79858,0.07262267,0.10953916,6760749,2548859,0.273788,294924,1871176,5665933,1194871,193208,25226,64270,0.12834819,279446,0.030945845,40688,0.049341995,0.0013661608,320134,0.03248517,117866,0.022705723,24268,0.0022608787,161581,0.042087868,16420,8.560717e-05,0.0045947134,256138,0.03188293,34674,0.0010819733,23309,0.023391854,6015,0.0036299452,-0.00080861896,197019,0.030016316,82427,0.03341953,0.00065535307,5325,54338,223257,0.04101971,-2177,-0.0018186405,-4469,4482,-1309,-0.004212916
2024,2,9308685,884546,0.08677778,10193231,5329750,465464,0.08031874,3978934,419082,0.095288776,0.4274432,8292141,799317,0.08791953,1016544,85229,0.07735649,0.10920381,6694043,2614641,0.2808819,287959,1866717,5660644,1207705,196913,26829,61918,0.12973961,302540,0.03359262,14614,0.016799014,-0.0013070181,317154,0.03211336,144199,0.027807845,-5055,-0.002869606,158340,0.041443817,19669,0.0006412938,0.0032224357,277711,0.034651373,7622,-0.001983203,24829,0.025036426,6992,0.0042341426,-0.00091154873,159957,0.024480393,142582,0.057677425,0.0063961446,4920,20316,240942,0.044456687,13956,0.0116909,15448,3852,3108,-0.00280869
2024,3,9339296,870239,0.08523784,10209534,5351726,453034,0.07804518,3987569,417205,0.09471655,0.4269668,8299573,793063,0.08722038,1039722,77175,0.06909807,0.11132771,6704346,2634949,0.28213575,284548,1931233,5631309,1214315,191612,30386,55891,0.13002214,332567,0.03692428,16337,0.019132173,-0.0013592467,348903,0.035383437,161708,0.031157503,340,-0.0021811947,170858,0.044765767,15997,-0.00040324777,0.0032045841,302181,0.03778494,17620,-0.001171045,30385,0.03010392,-1284,-0.0030281097,-0.00073710084,161598,0.024698796,170968,0.0693869,0.008564621,2084,49803,241788,0.044862613,25223,0.021211984,8325,5257,86,-0.0020005256
2024,4,9331647,846061,0.0831288,10177708,5333931,438269,0.075927496,3997716,407792,0.09256413,0.42840412,8291704,775014,0.085478954,1039943,71047,0.06394938,0.1114426,6699251,2632396,0.2820934,280189,1927383,5592651,1246409,199123,31552,54340,0.13356797,297416,0.03292101,4145,0.004923294,-0.00211858,301562,0.030534381,156331,0.03019372,-18692,-0.005172245,141085,0.036582448,22838,0.0018069968,0.0015132427,277100,0.034574386,10900,-0.0015626624,20316,0.019924933,-6755,-0.006945215,-0.0014199764,138987,0.02118619,158429,0.06403845,0.0082497,-11453,49493,166620,0.030707529,81064,0.069562234,6568,6292,-1167,0.0045758337
2024,5,9321380,849045,0.08348178,10170425,5310730,452946,0.07858626,4010650,396099,0.08988473,0.4302635,8280520,776536,0.08573828,1040860,72509,0.0651256,0.11166368,6689865,2631514,0.28230953,276392,1928207,5569120,1260342,198235,33370,55714,0.13520977,286266,0.031683717,6740,0.008001852,-0.00179407,293006,0.029664228,159006,0.030864619,-8109,-0.0035575628,127260,0.032770336,14849,0.00048676878,0.00045260787,272326,0.034005918,12526,-0.0013561845,13940,0.013574572,-5786,-0.0057156906,-0.0019950569,110068,0.016728176,176197,0.07176141,0.010556817,-21320,62348,140827,0.025943147,92141,0.07887427,1630,9715,924,0.005914137
2024,6,9257480,880390,0.086841755,10137870,5263303,478473,0.08333185,3994176,401918,0.09142607,0.43145394,8234680,804647,0.089016214,1022800,75744,0.068949394,0.1104836,6700950,2556530,0.27615827,271064,1872848,5564301,1263620,200363,29589,55694,0.13649715,228833,0.025345216,12220,0.014075585,-0.0008803904,241053,0.024356619,132790,0.025882402,-3642,-0.0025664717,96041,0.024637679,15863,0.0013145879,-0.0002978444,212208,0.026451698,21552,8.440763e-05,16625,0.01652297,-9331,-0.009011634,-0.0009589493,98088,0.014855376,130745,0.053898018,0.007481754,-19105,11294,137420,0.025322096,87175,0.07410036,8484,4123,-561,0.0061957985
2024,7,9235064,902365,0.08901323,10137429,5246615,489961,0.08541,3988449,412404,0.09371007,0.43188104,8209687,825901,0.091405384,1025377,76464,0.06939648,0.11103084,6687926,2547138,0.2758116,275010,1892376,5542158,1247777,192439,30609,54695,0.13511297,229621,0.025498023,12190,0.013693936,-0.0009432882,241811,0.02443617,130509,0.02550944,-2946,-0.002467595,99112,0.025483007,15135,0.0010333061,-6.3180923e-06,202799,0.025328068,19880,-5.3696334e-05,26822,0.026860815,-7691,-0.00832957,0.00014739484,88700,0.01344097,140921,0.058565374,0.008615762,-6886,22329,130808,0.024172897,75531,0.06443272,4671,6882,-3714,0.004942149
2024,8,9243400,885500,0.08742315,10128900,5247989,479098,0.08365479,3995411,406402,0.09232607,0.43224475,8231582,816912,0.09028157,1011818,68588,0.06348357,0.1094638,6748880,2494520,0.26987037,274113,1884096,5575801,1245101,182487,27888,53913,0.13470162,219948,0.02437515,2541,0.0028778233,-0.0017069355,222489,0.022459092,118635,0.023128644,-10296,-0.0034453198,101312,0.026016802,12836,0.00053581595,0.0006916821,204720,0.025504362,17681,-0.00027163327,15227,0.015279086,-15140,-0.014019743,-0.0009806827,132540,0.020032223,87408,0.036312394,0.003108561,-13337,7586,170088,0.03146449,65485,0.05551383,-5637,551,-4789,0.003973767
2024,9,9248984,868050,0.0858008,10117034,5271330,462401,0.080645666,3977655,405649,0.092544146,0.43006393,8232077,795358,0.08810455,1016908,72691,0.066713974,0.10994803,6746834,2502150,0.27053246,271063,1890232,5590685,1229220,185872,29229,52682,0.13290331,195995,0.021649756,-14905,-0.016880816,-0.0030638948,181091,0.018225849,130648,0.025414526,-27574,-0.0063734055,65348,0.016703188,12669,0.0012656674,-0.002092421,189823,0.023603208,-7474,-0.0026613846,6173,0.0061074365,-7431,-0.006734729,-0.0016985163,141793,0.021467391,54202,0.02214181,0.00013026595,-20098,83,189851,0.035152163,34339,0.028738426,-5080,5363,-8464,0.000915885
2024,10,9285958,831410,0.08217649,10117368,5294767,431740,0.07539323,3991191,399670,0.09102315,0.4298093,8275499,753448,0.08344805,1010459,77962,0.07162831,0.10881581,6788325,2497633,0.2689688,268225,1880088,5651218,1218292,188042,25172,54921,0.13119721,147541,0.016145138,-42947,-0.04911838,-0.0051476285,104595,0.010446157,102667,0.019773694,-49972,-0.009507649,44874,0.011371109,7025,0.0005302802,-0.002028793,149721,0.018425435,-37013,-0.005205989,-2180,-0.0021527908,-5934,-0.0048818737,-0.0019953772,159686,0.024090314,-12144,-0.004838677,-0.0056714714,-13690,-39032,193830,0.035516992,21779,0.018202059,-5571,-4166,-5608,0.00026500225
2024,11,9306059,817996,0.0807973,10124056,5343775,407941,0.070925124,3962285,410055,0.09378392,0.42577472,8307272,730872,0.08086532,998788,87124,0.08023116,0.1073266,6852116,2453943,0.26369303,275705,1847677,5708537,1206281,190010,24097,53753,0.12962313,82924,0.008990869,-36115,-0.042283732,-0.0039590895,46810,0.0046451185,113915,0.021781653,-62194,-0.011554711,-30990,-0.0077605476,26079,0.0060630217,-0.007188171,112739,0.013757831,-47335,-0.005864814,-29814,-0.028984971,11220,0.011509024,-0.0041975006,168259,0.025173938,-85335,-0.033606008,-0.011623114,-2122,-70477,169648,0.030628525,9961,0.0083263675,-6879,-5981,-11226,-8.545816e-05
2024,12,9394112,819433,0.08023005,10213545,5376048,414774,0.071626164,4018063,404659,0.09149543,0.42772144,8388091,734201,0.08048431,1006021,85232,0.07810467,0.10709054,6926752,2467359,0.26264954,280946,1858410,5779085,1211388,187811,22095,54377,0.12895183,120686,0.013014176,-34908,-0.04085956,-0.004126258,85777,0.008469487,114442,0.021750392,-52442,-0.00992918,6243,0.0015561515,17534,0.0034913793,-0.0048932135,133535,0.016177127,-41259,-0.005391516,-12849,-0.01261103,6351,0.0062477365,-0.0027793497,208238,0.030994652,-87553,-0.0342685,-0.012859434,2802,-31141,147016,0.026103374,28716,0.024280611,-5089,-10022,-11596,0.0014183521
2025,1,9396874,859731,0.08382216,10256604,5382048,450482,0.07723615,4014826,409248,0.092504896,0.42725122,8372268,782264,0.085450955,1024605,77467,0.070292234,0.10903685,6948712,2448161,0.26052934,281397,1834754,5816927,1204182,183577,23101,52936,0.12814705,87266,0.009373757,-5569,-0.006435918,-0.0012204051,81696,0.008029164,73156,0.0137799,-18101,-0.0038690642,14110,0.0035268688,12531,0.002289325,-0.0024892986,82427,0.009943134,-3179,-0.0010964945,4838,0.004744221,-2391,-0.0023304373,-0.0005023107,187963,0.027802097,-100698,-0.03950709,-0.013258666,-13527,-36422,150994,0.02664945,9311,0.007792473,-9631,-2125,-11334,-0.00020113587
2025,2,9388838,895673,0.08708949,10284511,5358782,474582,0.081356436,4030056,421091,0.09460282,0.429239,8346244,821600,0.089617565,1042594,74073,0.06633393,0.11104607,6968804,2420033,0.25775644,276448,1878389,5798181,1175324,185736,23632,51128,0.1251831,80153,0.008610561,11127,0.012579335,0.00031170994,91280,0.008954963,29032,0.00544716,9118,0.0010376945,51122,0.012848165,2009,-0.0006859526,0.0017957985,54103,0.0065246117,22283,0.001698032,26050,0.025626043,-11156,-0.01102256,0.0018422604,274761,0.0410456,-194608,-0.0744301,-0.02312547,-11511,11672,137537,0.024297059,-32381,-0.026812011,-11177,-3197,-10790,-0.004556507
2025,3,9359307,907718,0.08841098,10267025,5350576,476119,0.081713445,4008732,431598,0.097199626,0.42831498,8318170,832640,0.090990886,1041137,75077,0.067260705,0.11124086,6941165,2418142,0.25836763,284241,1874848,5756917,1181745,184877,24348,52331,0.12626413,20011,0.0021426668,37479,0.043067478,0.0031731427,57491,0.0056311092,-1150,-0.00021488394,23085,0.0036682636,21163,0.0053072437,14393,0.0024830773,0.0013481975,18597,0.0022407176,39577,0.0037705079,1415,0.0013609407,-2098,-0.0018373653,-8.685142e-05,236819,0.035323206,-216807,-0.08228129,-0.023768127,-307,-56385,125608,0.022305293,-32570,-0.026821706,-6735,-6038,-3560,-0.0037580132
2025,4,9346212,917923,0.08943014,10264135,5330202,466979,0.080552705,4016010,450944,0.1009512,0.4296939,8323819,831006,0.0907725,1022393,86917,0.078351974,0.10939115,6918364,2427848,0.2597681,286034,1873992,5729082,1183141,194132,26958,52873,0.12659046,14565,0.0015608177,71862,0.08493714,0.006301336,86427,0.008491794,-3729,-0.00069910916,28710,0.0046252087,18294,0.004576113,43152,0.008387074,0.0012897849,32115,0.0038731485,55992,0.005293548,-17550,-0.016875925,15870,0.014402598,-0.0020514503,219113,0.032707088,-204548,-0.07770412,-0.022325307,5845,-53391,136431,0.024394693,-63268,-0.050760224,-4991,-4594,-1467,-0.0069775134
2025,5,9321521,909840,0.088926606,10231361,5303977,468209,0.08111462,4017544,441632,0.09903884,0.4309966,8307633,819487,0.08978596,1013887,90353,0.08182352,0.108768456,6898323,2423198,0.25995737,279369,1839414,5743986,1185728,190263,26767,55993,0.12720329,141,1.5126516e-05,60795,0.071603976,0.0054448247,60936,0.00599149,-6753,-0.0012715766,15263,0.002528362,6894,0.0017189233,45533,0.009154111,0.0007331073,27113,0.0032743113,42951,0.0040476844,-26973,-0.025914147,17844,0.01669792,-0.002895221,208458,0.03116027,-208316,-0.07916203,-0.022352159,2977,-88793,174866,0.031399217,-74614,-0.05920139,-7972,-6603,279,-0.008006483
2025,6,9330309,888973,0.0869898,10219282,5310695,456328,0.0791272,4019614,432645,0.097174235,0.43081257,8315551,796062,0.08736783,1014758,92911,0.08388007,0.10875931,6900904,2429405,0.26037776,277020,1866369,5735369,1180700,186969,28725,55156,0.12654462,72829,0.007867044,8583,0.009749088,0.00014804304,81412,0.0080304835,47392,0.009004232,-22145,-0.004204653,25438,0.006368773,30727,0.0057481676,-0.0006413758,80871,0.009820783,-8585,-0.0016483814,-8042,-0.00786273,17167,0.014930673,-0.0017242953,199954,0.02983965,-127125,-0.049725603,-0.015780509,5956,-6479,171068,0.030743843,-82920,-0.065620996,-13394,-864,-538,-0.00995253
2025,7,9355097,875888,0.08561129,10230985,5316241,460805,0.07976485,4038857,415083,0.093194485,0.43172792,8327686,785207,0.08616437,1027411,90681,0.08110349,0.10982369,6920892,2434206,0.26020098,281039,1889298,5734419,1192201,178479,24484,55177,0.12743871,120033,0.012997528,-26477,-0.029341785,-0.003401935,93556,0.00922877,69626,0.013270652,-29156,-0.0056451485,50408,0.012638497,2679,-0.0005155876,-0.00015312433,117999,0.014373142,-40694,-0.005241014,2034,0.0019836607,14217,0.011707008,-0.0012071505,232966,0.03483382,-112932,-0.044336822,-0.015610635,6029,-3078,192261,0.034690637,-55576,-0.04454001,-13960,-6125,482,-0.007674262
2025,8,9377617,874388,0.08528949,10252005,5324440,468954,0.08094634,4053177,405434,0.09093286,0.43221816,8351848,791038,0.08651955,1025769,83350,0.07514969,0.10938478,6919264,2458353,0.2621511,292986,1915328,5697288,1213993,184356,24308,49358,0.12945642,134217,0.014520306,-11112,-0.0125488425,-0.00213366,123105,0.012153837,76451,0.014567675,-10144,-0.00270845,57766,0.014458087,-968,-0.0013932064,-2.6583672e-05,120266,0.014610314,-25874,-0.0037620217,13951,0.013788053,14762,0.011666119,-7.902086e-05,170384,0.025246263,-36167,-0.014498581,-0.0077192783,18873,31232,121487,0.02178826,-31108,-0.024984319,1869,-3580,-4555,-0.0052452087
2025,9,9386410,866097,0.08447662,10252508,5300127,472246,0.08181138,4086283,393851,0.087910615,0.4353404,8365537,789289,0.08621561,1020873,76808,0.069973215,0.108760774,6927014,2459396,0.2620167,288110,1881791,5730183,1219145,192416,23012,51753,0.12988403,137426,0.014858497,-1953,-0.0022498704,-0.0013241768,135474,0.013390684,28797,0.005462948,9845,0.0011657178,108628,0.027309557,-11798,-0.004633531,0.0052764714,133460,0.01621219,-6069,-0.0018889457,3965,0.0038990744,4117,0.0032592416,-0.0011872575,180180,0.02670586,-42754,-0.017086904,-0.008515745,17047,-8441,139498,0.024951862,-10075,-0.008196254,6544,-6217,-929,-0.0030192733
2025,10,9401582,864882,0.08424343,10266465,5317653,469644,0.08115085,4083930,395238,0.0882392,0.4343875,8395119,782398,0.08525162,1006463,82484,0.07574661,0.107052535,6903292,2498291,0.26573086,287415,1900914,5726219,1219549,187613,25389,54483,0.12971745,115624,0.0124514885,33472,0.04025932,0.00206694,149097,0.014736738,22886,0.0043223808,37904,0.0057576224,92739,0.02323592,-4432,-0.0027839467,0.004578203,119620,0.014454718,28950,0.0018035695,-3996,-0.0039546383,4522,0.004118301,-0.0017632768,114967,0.01693599,658,0.00026344944,-0.003237933,19190,20826,75001,0.013271652,1257,0.0010317723,-429,217,-438,-0.0014797598
2025,11,9473270,829307,0.080495134,10302577,5363450,448052,0.07709743,4109819,381255,0.0848918,0.43383324,8456182,744164,0.08088436,1017088,85143,0.07724634,0.10736395,6932487,2540783,0.2682055,282698,1911441,5803381,1217971,174677,24490,58611,0.12856926,167211,0.017967971,11311,0.013827696,-0.00030216575,178521,0.017633347,19675,0.003681854,40111,0.006172307,147534,0.037234575,-28800,-0.008892119,0.008058518,148910,0.017925259,13292,1.9036233e-05,18300,0.018322207,-1981,-0.0029848218,3.734976e-05,80371,0.01172937,86840,0.035387944,0.004512459,6993,63764,94844,0.016614415,11690,0.009690942,-15333,393,4858,-0.0010538697
2025,12,9503088,858444,0.0828491,10361531,5375151,467218,0.07997062,4127937,391226,0.08657039,0.43437845,8487668,769880,0.08316236,1015420,88564,0.08022219,0.10685154,6957393,2545695,0.2678808,280927,1931019,5835893,1210356,161612,25153,58128,0.12736452,108976,0.011600458,39011,0.04760731,0.0026190504,147986,0.014489191,-897,-0.00016685118,52444,0.008344457,109874,0.027345017,-13433,-0.0049250424,0.0066570044,99577,0.011871235,35679,0.0026780516,9399,0.009342748,3332,0.002117522,-0.00023899972,30641,0.004423574,78336,0.031748928,0.0052312613,-19,72609,56808,0.00982993,-1032,-0.00085191533,-26199,3058,3751,-0.0015873164
2026,1,9491627,862513,0.08330128,10354140,5381494,456093,0.07813034,4110133,406420,0.089984655,0.43302724,8468638,789900,0.085315846,1022990,72613,0.066277005,0.10777811,6973952,2517675,0.2652522,285116,1927924,5842035,1196906,158825,28943,51878,0.12610126,94753,0.010083459,2782,0.003235896,-0.00052087754,97536,0.00950958,-554,-0.00010293479,5611,0.0008941889,95307,0.023738762,-2828,-0.0025202408,0.005776018,96370,0.011510621,7636,-0.00013510883,-1615,-0.0015762171,-4854,-0.0040152296,-0.0012587383,25240,0.0036323278,69514,0.028394375,0.0047228634,3719,93170,25108,0.0043163686,-7276,-0.006042276,-24752,5842,-1058,-0.0020457953
2026,2,9434192,925111,0.089302406,10359303,5354206,472974,0.08116688,4079986,452137,0.09976268,0.432468,8409686,851717,0.09196417,1024506,73393,0.066848986,0.10859502,6935527,2498665,0.26485205,284604,1912179,5806049,1186393,169754,27371,47842,0.12575457,45354,0.0048306296,29438,0.032866906,0.0022129193,74792,0.007272295,-4576,-0.00085392536,-1608,-0.00018955767,49930,0.012389406,31046,0.005159855,0.0032289922,63442,0.0076012635,30117,0.002346605,-18088,-0.017349035,-680,0.00051505864,-0.0024510473,-33277,-0.004775138,78632,0.03249212,0.007095605,8156,33790,7868,0.0013569773,11069,0.009417828,-15982,3739,-3286,0.00057145953
